#include "shell.h"

unsigned char programs_build_shell_elf_elf[] = {
  0x7f, 0x45, 0x4c, 0x46, 0x02, 0x01, 0x01, 0x00, 0x00, 0x00, 0x00, 0x00,
  0x00, 0x00, 0x00, 0x00, 0x02, 0x00, 0x3e, 0x00, 0x01, 0x00, 0x00, 0x00,
  0x40, 0x29, 0x10, 0x02, 0x00, 0x00, 0x00, 0x00, 0x40, 0x00, 0x00, 0x00,
  0x00, 0x00, 0x00, 0x00, 0xd0, 0x5b, 0x00, 0x00, 0x00, 0x00, 0x00, 0x00,
  0x00, 0x00, 0x00, 0x00, 0x40, 0x00, 0x38, 0x00, 0x03, 0x00, 0x40, 0x00,
  0x0a, 0x00, 0x09, 0x00, 0x01, 0x00, 0x00, 0x00, 0x05, 0x00, 0x00, 0x00,
  0x00, 0x10, 0x00, 0x00, 0x00, 0x00, 0x00, 0x00, 0x00, 0x00, 0x10, 0x02,
  0x00, 0x00, 0x00, 0x00, 0x00, 0x00, 0x10, 0x02, 0x00, 0x00, 0x00, 0x00,
  0xa4, 0x38, 0x00, 0x00, 0x00, 0x00, 0x00, 0x00, 0xa4, 0x38, 0x00, 0x00,
  0x00, 0x00, 0x00, 0x00, 0x00, 0x10, 0x00, 0x00, 0x00, 0x00, 0x00, 0x00,
  0x01, 0x00, 0x00, 0x00, 0x06, 0x00, 0x00, 0x00, 0x00, 0x50, 0x00, 0x00,
  0x00, 0x00, 0x00, 0x00, 0x00, 0x40, 0x10, 0x02, 0x00, 0x00, 0x00, 0x00,
  0x00, 0x40, 0x10, 0x02, 0x00, 0x00, 0x00, 0x00, 0xb8, 0x01, 0x00, 0x00,
  0x00, 0x00, 0x00, 0x00, 0xb8, 0x01, 0x00, 0x00, 0x00, 0x00, 0x00, 0x00,
  0x00, 0x10, 0x00, 0x00, 0x00, 0x00, 0x00, 0x00, 0x51, 0xe5, 0x74, 0x64,
  0x07, 0x00, 0x00, 0x00, 0x00, 0x00, 0x00, 0x00, 0x00, 0x00, 0x00, 0x00,
  0x00, 0x00, 0x00, 0x00, 0x00, 0x00, 0x00, 0x00, 0x00, 0x00, 0x00, 0x00,
  0x00, 0x00, 0x00, 0x00, 0x00, 0x00, 0x00, 0x00, 0x00, 0x00, 0x00, 0x00,
  0x00, 0x00, 0x00, 0x00, 0x00, 0x00, 0x00, 0x00, 0x10, 0x00, 0x00, 0x00,
  0x00, 0x00, 0x00, 0x00, 0x00, 0x00, 0x00, 0x00, 0x00, 0x00, 0x00, 0x00,
  0x00, 0x00, 0x00, 0x00, 0x00, 0x00, 0x00, 0x00, 0x00, 0x00, 0x00, 0x00,
  0x00, 0x00, 0x00, 0x00, 0x00, 0x00, 0x00, 0x00, 0x00, 0x00, 0x00, 0x00,
  0x00, 0x00, 0x00, 0x00, 0x00, 0x00, 0x00, 0x00, 0x00, 0x00, 0x00, 0x00,
  0x00, 0x00, 0x00, 0x00, 0x00, 0x00, 0x00, 0x00, 0x00, 0x00, 0x00, 0x00,
  0x00, 0x00, 0x00, 0x00, 0x00, 0x00, 0x00, 0x00, 0x00, 0x00, 0x00, 0x00,
  0x00, 0x00, 0x00, 0x00, 0x00, 0x00, 0x00, 0x00, 0x00, 0x00, 0x00, 0x00,
  0x00, 0x00, 0x00, 0x00, 0x00, 0x00, 0x00, 0x00, 0x00, 0x00, 0x00, 0x00,
  0x00, 0x00, 0x00, 0x00, 0x00, 0x00, 0x00, 0x00, 0x00, 0x00, 0x00, 0x00,
  0x00, 0x00, 0x00, 0x00, 0x00, 0x00, 0x00, 0x00, 0x00, 0x00, 0x00, 0x00,
  0x00, 0x00, 0x00, 0x00, 0x00, 0x00, 0x00, 0x00, 0x00, 0x00, 0x00, 0x00,
  0x00, 0x00, 0x00, 0x00, 0x00, 0x00, 0x00, 0x00, 0x00, 0x00, 0x00, 0x00,
  0x00, 0x00, 0x00, 0x00, 0x00, 0x00, 0x00, 0x00, 0x00, 0x00, 0x00, 0x00,
  0x00, 0x00, 0x00, 0x00, 0x00, 0x00, 0x00, 0x00, 0x00, 0x00, 0x00, 0x00,
  0x00, 0x00, 0x00, 0x00, 0x00, 0x00, 0x00, 0x00, 0x00, 0x00, 0x00, 0x00,
  0x00, 0x00, 0x00, 0x00, 0x00, 0x00, 0x00, 0x00, 0x00, 0x00, 0x00, 0x00,
  0x00, 0x00, 0x00, 0x00, 0x00, 0x00, 0x00, 0x00, 0x00, 0x00, 0x00, 0x00,
  0x00, 0x00, 0x00, 0x00, 0x00, 0x00, 0x00, 0x00, 0x00, 0x00, 0x00, 0x00,
  0x00, 0x00, 0x00, 0x00, 0x00, 0x00, 0x00, 0x00, 0x00, 0x00, 0x00, 0x00,
  0x00, 0x00, 0x00, 0x00, 0x00, 0x00, 0x00, 0x00, 0x00, 0x00, 0x00, 0x00,
  0x00, 0x00, 0x00, 0x00, 0x00, 0x00, 0x00, 0x00, 0x00, 0x00, 0x00, 0x00,
  0x00, 0x00, 0x00, 0x00, 0x00, 0x00, 0x00, 0x00, 0x00, 0x00, 0x00, 0x00,
  0x00, 0x00, 0x00, 0x00, 0x00, 0x00, 0x00, 0x00, 0x00, 0x00, 0x00, 0x00,
  0x00, 0x00, 0x00, 0x00, 0x00, 0x00, 0x00, 0x00, 0x00, 0x00, 0x00, 0x00,
  0x00, 0x00, 0x00, 0x00, 0x00, 0x00, 0x00, 0x00, 0x00, 0x00, 0x00, 0x00,
  0x00, 0x00, 0x00, 0x00, 0x00, 0x00, 0x00, 0x00, 0x00, 0x00, 0x00, 0x00,
  0x00, 0x00, 0x00, 0x00, 0x00, 0x00, 0x00, 0x00, 0x00, 0x00, 0x00, 0x00,
  0x00, 0x00, 0x00, 0x00, 0x00, 0x00, 0x00, 0x00, 0x00, 0x00, 0x00, 0x00,
  0x00, 0x00, 0x00, 0x00, 0x00, 0x00, 0x00, 0x00, 0x00, 0x00, 0x00, 0x00,
  0x00, 0x00, 0x00, 0x00, 0x00, 0x00, 0x00, 0x00, 0x00, 0x00, 0x00, 0x00,
  0x00, 0x00, 0x00, 0x00, 0x00, 0x00, 0x00, 0x00, 0x00, 0x00, 0x00, 0x00,
  0x00, 0x00, 0x00, 0x00, 0x00, 0x00, 0x00, 0x00, 0x00, 0x00, 0x00, 0x00,
  0x00, 0x00, 0x00, 0x00, 0x00, 0x00, 0x00, 0x00, 0x00, 0x00, 0x00, 0x00,
  0x00, 0x00, 0x00, 0x00, 0x00, 0x00, 0x00, 0x00, 0x00, 0x00, 0x00, 0x00,
  0x00, 0x00, 0x00, 0x00, 0x00, 0x00, 0x00, 0x00, 0x00, 0x00, 0x00, 0x00,
  0x00, 0x00, 0x00, 0x00, 0x00, 0x00, 0x00, 0x00, 0x00, 0x00, 0x00, 0x00,
  0x00, 0x00, 0x00, 0x00, 0x00, 0x00, 0x00, 0x00, 0x00, 0x00, 0x00, 0x00,
  0x00, 0x00, 0x00, 0x00, 0x00, 0x00, 0x00, 0x00, 0x00, 0x00, 0x00, 0x00,
  0x00, 0x00, 0x00, 0x00, 0x00, 0x00, 0x00, 0x00, 0x00, 0x00, 0x00, 0x00,
  0x00, 0x00, 0x00, 0x00, 0x00, 0x00, 0x00, 0x00, 0x00, 0x00, 0x00, 0x00,
  0x00, 0x00, 0x00, 0x00, 0x00, 0x00, 0x00, 0x00, 0x00, 0x00, 0x00, 0x00,
  0x00, 0x00, 0x00, 0x00, 0x00, 0x00, 0x00, 0x00, 0x00, 0x00, 0x00, 0x00,
  0x00, 0x00, 0x00, 0x00, 0x00, 0x00, 0x00, 0x00, 0x00, 0x00, 0x00, 0x00,
  0x00, 0x00, 0x00, 0x00, 0x00, 0x00, 0x00, 0x00, 0x00, 0x00, 0x00, 0x00,
  0x00, 0x00, 0x00, 0x00, 0x00, 0x00, 0x00, 0x00, 0x00, 0x00, 0x00, 0x00,
  0x00, 0x00, 0x00, 0x00, 0x00, 0x00, 0x00, 0x00, 0x00, 0x00, 0x00, 0x00,
  0x00, 0x00, 0x00, 0x00, 0x00, 0x00, 0x00, 0x00, 0x00, 0x00, 0x00, 0x00,
  0x00, 0x00, 0x00, 0x00, 0x00, 0x00, 0x00, 0x00, 0x00, 0x00, 0x00, 0x00,
  0x00, 0x00, 0x00, 0x00, 0x00, 0x00, 0x00, 0x00, 0x00, 0x00, 0x00, 0x00,
  0x00, 0x00, 0x00, 0x00, 0x00, 0x00, 0x00, 0x00, 0x00, 0x00, 0x00, 0x00,
  0x00, 0x00, 0x00, 0x00, 0x00, 0x00, 0x00, 0x00, 0x00, 0x00, 0x00, 0x00,
  0x00, 0x00, 0x00, 0x00, 0x00, 0x00, 0x00, 0x00, 0x00, 0x00, 0x00, 0x00,
  0x00, 0x00, 0x00, 0x00, 0x00, 0x00, 0x00, 0x00, 0x00, 0x00, 0x00, 0x00,
  0x00, 0x00, 0x00, 0x00, 0x00, 0x00, 0x00, 0x00, 0x00, 0x00, 0x00, 0x00,
  0x00, 0x00, 0x00, 0x00, 0x00, 0x00, 0x00, 0x00, 0x00, 0x00, 0x00, 0x00,
  0x00, 0x00, 0x00, 0x00, 0x00, 0x00, 0x00, 0x00, 0x00, 0x00, 0x00, 0x00,
  0x00, 0x00, 0x00, 0x00, 0x00, 0x00, 0x00, 0x00, 0x00, 0x00, 0x00, 0x00,
  0x00, 0x00, 0x00, 0x00, 0x00, 0x00, 0x00, 0x00, 0x00, 0x00, 0x00, 0x00,
  0x00, 0x00, 0x00, 0x00, 0x00, 0x00, 0x00, 0x00, 0x00, 0x00, 0x00, 0x00,
  0x00, 0x00, 0x00, 0x00, 0x00, 0x00, 0x00, 0x00, 0x00, 0x00, 0x00, 0x00,
  0x00, 0x00, 0x00, 0x00, 0x00, 0x00, 0x00, 0x00, 0x00, 0x00, 0x00, 0x00,
  0x00, 0x00, 0x00, 0x00, 0x00, 0x00, 0x00, 0x00, 0x00, 0x00, 0x00, 0x00,
  0x00, 0x00, 0x00, 0x00, 0x00, 0x00, 0x00, 0x00, 0x00, 0x00, 0x00, 0x00,
  0x00, 0x00, 0x00, 0x00, 0x00, 0x00, 0x00, 0x00, 0x00, 0x00, 0x00, 0x00,
  0x00, 0x00, 0x00, 0x00, 0x00, 0x00, 0x00, 0x00, 0x00, 0x00, 0x00, 0x00,
  0x00, 0x00, 0x00, 0x00, 0x00, 0x00, 0x00, 0x00, 0x00, 0x00, 0x00, 0x00,
  0x00, 0x00, 0x00, 0x00, 0x00, 0x00, 0x00, 0x00, 0x00, 0x00, 0x00, 0x00,
  0x00, 0x00, 0x00, 0x00, 0x00, 0x00, 0x00, 0x00, 0x00, 0x00, 0x00, 0x00,
  0x00, 0x00, 0x00, 0x00, 0x00, 0x00, 0x00, 0x00, 0x00, 0x00, 0x00, 0x00,
  0x00, 0x00, 0x00, 0x00, 0x00, 0x00, 0x00, 0x00, 0x00, 0x00, 0x00, 0x00,
  0x00, 0x00, 0x00, 0x00, 0x00, 0x00, 0x00, 0x00, 0x00, 0x00, 0x00, 0x00,
  0x00, 0x00, 0x00, 0x00, 0x00, 0x00, 0x00, 0x00, 0x00, 0x00, 0x00, 0x00,
  0x00, 0x00, 0x00, 0x00, 0x00, 0x00, 0x00, 0x00, 0x00, 0x00, 0x00, 0x00,
  0x00, 0x00, 0x00, 0x00, 0x00, 0x00, 0x00, 0x00, 0x00, 0x00, 0x00, 0x00,
  0x00, 0x00, 0x00, 0x00, 0x00, 0x00, 0x00, 0x00, 0x00, 0x00, 0x00, 0x00,
  0x00, 0x00, 0x00, 0x00, 0x00, 0x00, 0x00, 0x00, 0x00, 0x00, 0x00, 0x00,
  0x00, 0x00, 0x00, 0x00, 0x00, 0x00, 0x00, 0x00, 0x00, 0x00, 0x00, 0x00,
  0x00, 0x00, 0x00, 0x00, 0x00, 0x00, 0x00, 0x00, 0x00, 0x00, 0x00, 0x00,
  0x00, 0x00, 0x00, 0x00, 0x00, 0x00, 0x00, 0x00, 0x00, 0x00, 0x00, 0x00,
  0x00, 0x00, 0x00, 0x00, 0x00, 0x00, 0x00, 0x00, 0x00, 0x00, 0x00, 0x00,
  0x00, 0x00, 0x00, 0x00, 0x00, 0x00, 0x00, 0x00, 0x00, 0x00, 0x00, 0x00,
  0x00, 0x00, 0x00, 0x00, 0x00, 0x00, 0x00, 0x00, 0x00, 0x00, 0x00, 0x00,
  0x00, 0x00, 0x00, 0x00, 0x00, 0x00, 0x00, 0x00, 0x00, 0x00, 0x00, 0x00,
  0x00, 0x00, 0x00, 0x00, 0x00, 0x00, 0x00, 0x00, 0x00, 0x00, 0x00, 0x00,
  0x00, 0x00, 0x00, 0x00, 0x00, 0x00, 0x00, 0x00, 0x00, 0x00, 0x00, 0x00,
  0x00, 0x00, 0x00, 0x00, 0x00, 0x00, 0x00, 0x00, 0x00, 0x00, 0x00, 0x00,
  0x00, 0x00, 0x00, 0x00, 0x00, 0x00, 0x00, 0x00, 0x00, 0x00, 0x00, 0x00,
  0x00, 0x00, 0x00, 0x00, 0x00, 0x00, 0x00, 0x00, 0x00, 0x00, 0x00, 0x00,
  0x00, 0x00, 0x00, 0x00, 0x00, 0x00, 0x00, 0x00, 0x00, 0x00, 0x00, 0x00,
  0x00, 0x00, 0x00, 0x00, 0x00, 0x00, 0x00, 0x00, 0x00, 0x00, 0x00, 0x00,
  0x00, 0x00, 0x00, 0x00, 0x00, 0x00, 0x00, 0x00, 0x00, 0x00, 0x00, 0x00,
  0x00, 0x00, 0x00, 0x00, 0x00, 0x00, 0x00, 0x00, 0x00, 0x00, 0x00, 0x00,
  0x00, 0x00, 0x00, 0x00, 0x00, 0x00, 0x00, 0x00, 0x00, 0x00, 0x00, 0x00,
  0x00, 0x00, 0x00, 0x00, 0x00, 0x00, 0x00, 0x00, 0x00, 0x00, 0x00, 0x00,
  0x00, 0x00, 0x00, 0x00, 0x00, 0x00, 0x00, 0x00, 0x00, 0x00, 0x00, 0x00,
  0x00, 0x00, 0x00, 0x00, 0x00, 0x00, 0x00, 0x00, 0x00, 0x00, 0x00, 0x00,
  0x00, 0x00, 0x00, 0x00, 0x00, 0x00, 0x00, 0x00, 0x00, 0x00, 0x00, 0x00,
  0x00, 0x00, 0x00, 0x00, 0x00, 0x00, 0x00, 0x00, 0x00, 0x00, 0x00, 0x00,
  0x00, 0x00, 0x00, 0x00, 0x00, 0x00, 0x00, 0x00, 0x00, 0x00, 0x00, 0x00,
  0x00, 0x00, 0x00, 0x00, 0x00, 0x00, 0x00, 0x00, 0x00, 0x00, 0x00, 0x00,
  0x00, 0x00, 0x00, 0x00, 0x00, 0x00, 0x00, 0x00, 0x00, 0x00, 0x00, 0x00,
  0x00, 0x00, 0x00, 0x00, 0x00, 0x00, 0x00, 0x00, 0x00, 0x00, 0x00, 0x00,
  0x00, 0x00, 0x00, 0x00, 0x00, 0x00, 0x00, 0x00, 0x00, 0x00, 0x00, 0x00,
  0x00, 0x00, 0x00, 0x00, 0x00, 0x00, 0x00, 0x00, 0x00, 0x00, 0x00, 0x00,
  0x00, 0x00, 0x00, 0x00, 0x00, 0x00, 0x00, 0x00, 0x00, 0x00, 0x00, 0x00,
  0x00, 0x00, 0x00, 0x00, 0x00, 0x00, 0x00, 0x00, 0x00, 0x00, 0x00, 0x00,
  0x00, 0x00, 0x00, 0x00, 0x00, 0x00, 0x00, 0x00, 0x00, 0x00, 0x00, 0x00,
  0x00, 0x00, 0x00, 0x00, 0x00, 0x00, 0x00, 0x00, 0x00, 0x00, 0x00, 0x00,
  0x00, 0x00, 0x00, 0x00, 0x00, 0x00, 0x00, 0x00, 0x00, 0x00, 0x00, 0x00,
  0x00, 0x00, 0x00, 0x00, 0x00, 0x00, 0x00, 0x00, 0x00, 0x00, 0x00, 0x00,
  0x00, 0x00, 0x00, 0x00, 0x00, 0x00, 0x00, 0x00, 0x00, 0x00, 0x00, 0x00,
  0x00, 0x00, 0x00, 0x00, 0x00, 0x00, 0x00, 0x00, 0x00, 0x00, 0x00, 0x00,
  0x00, 0x00, 0x00, 0x00, 0x00, 0x00, 0x00, 0x00, 0x00, 0x00, 0x00, 0x00,
  0x00, 0x00, 0x00, 0x00, 0x00, 0x00, 0x00, 0x00, 0x00, 0x00, 0x00, 0x00,
  0x00, 0x00, 0x00, 0x00, 0x00, 0x00, 0x00, 0x00, 0x00, 0x00, 0x00, 0x00,
  0x00, 0x00, 0x00, 0x00, 0x00, 0x00, 0x00, 0x00, 0x00, 0x00, 0x00, 0x00,
  0x00, 0x00, 0x00, 0x00, 0x00, 0x00, 0x00, 0x00, 0x00, 0x00, 0x00, 0x00,
  0x00, 0x00, 0x00, 0x00, 0x00, 0x00, 0x00, 0x00, 0x00, 0x00, 0x00, 0x00,
  0x00, 0x00, 0x00, 0x00, 0x00, 0x00, 0x00, 0x00, 0x00, 0x00, 0x00, 0x00,
  0x00, 0x00, 0x00, 0x00, 0x00, 0x00, 0x00, 0x00, 0x00, 0x00, 0x00, 0x00,
  0x00, 0x00, 0x00, 0x00, 0x00, 0x00, 0x00, 0x00, 0x00, 0x00, 0x00, 0x00,
  0x00, 0x00, 0x00, 0x00, 0x00, 0x00, 0x00, 0x00, 0x00, 0x00, 0x00, 0x00,
  0x00, 0x00, 0x00, 0x00, 0x00, 0x00, 0x00, 0x00, 0x00, 0x00, 0x00, 0x00,
  0x00, 0x00, 0x00, 0x00, 0x00, 0x00, 0x00, 0x00, 0x00, 0x00, 0x00, 0x00,
  0x00, 0x00, 0x00, 0x00, 0x00, 0x00, 0x00, 0x00, 0x00, 0x00, 0x00, 0x00,
  0x00, 0x00, 0x00, 0x00, 0x00, 0x00, 0x00, 0x00, 0x00, 0x00, 0x00, 0x00,
  0x00, 0x00, 0x00, 0x00, 0x00, 0x00, 0x00, 0x00, 0x00, 0x00, 0x00, 0x00,
  0x00, 0x00, 0x00, 0x00, 0x00, 0x00, 0x00, 0x00, 0x00, 0x00, 0x00, 0x00,
  0x00, 0x00, 0x00, 0x00, 0x00, 0x00, 0x00, 0x00, 0x00, 0x00, 0x00, 0x00,
  0x00, 0x00, 0x00, 0x00, 0x00, 0x00, 0x00, 0x00, 0x00, 0x00, 0x00, 0x00,
  0x00, 0x00, 0x00, 0x00, 0x00, 0x00, 0x00, 0x00, 0x00, 0x00, 0x00, 0x00,
  0x00, 0x00, 0x00, 0x00, 0x00, 0x00, 0x00, 0x00, 0x00, 0x00, 0x00, 0x00,
  0x00, 0x00, 0x00, 0x00, 0x00, 0x00, 0x00, 0x00, 0x00, 0x00, 0x00, 0x00,
  0x00, 0x00, 0x00, 0x00, 0x00, 0x00, 0x00, 0x00, 0x00, 0x00, 0x00, 0x00,
  0x00, 0x00, 0x00, 0x00, 0x00, 0x00, 0x00, 0x00, 0x00, 0x00, 0x00, 0x00,
  0x00, 0x00, 0x00, 0x00, 0x00, 0x00, 0x00, 0x00, 0x00, 0x00, 0x00, 0x00,
  0x00, 0x00, 0x00, 0x00, 0x00, 0x00, 0x00, 0x00, 0x00, 0x00, 0x00, 0x00,
  0x00, 0x00, 0x00, 0x00, 0x00, 0x00, 0x00, 0x00, 0x00, 0x00, 0x00, 0x00,
  0x00, 0x00, 0x00, 0x00, 0x00, 0x00, 0x00, 0x00, 0x00, 0x00, 0x00, 0x00,
  0x00, 0x00, 0x00, 0x00, 0x00, 0x00, 0x00, 0x00, 0x00, 0x00, 0x00, 0x00,
  0x00, 0x00, 0x00, 0x00, 0x00, 0x00, 0x00, 0x00, 0x00, 0x00, 0x00, 0x00,
  0x00, 0x00, 0x00, 0x00, 0x00, 0x00, 0x00, 0x00, 0x00, 0x00, 0x00, 0x00,
  0x00, 0x00, 0x00, 0x00, 0x00, 0x00, 0x00, 0x00, 0x00, 0x00, 0x00, 0x00,
  0x00, 0x00, 0x00, 0x00, 0x00, 0x00, 0x00, 0x00, 0x00, 0x00, 0x00, 0x00,
  0x00, 0x00, 0x00, 0x00, 0x00, 0x00, 0x00, 0x00, 0x00, 0x00, 0x00, 0x00,
  0x00, 0x00, 0x00, 0x00, 0x00, 0x00, 0x00, 0x00, 0x00, 0x00, 0x00, 0x00,
  0x00, 0x00, 0x00, 0x00, 0x00, 0x00, 0x00, 0x00, 0x00, 0x00, 0x00, 0x00,
  0x00, 0x00, 0x00, 0x00, 0x00, 0x00, 0x00, 0x00, 0x00, 0x00, 0x00, 0x00,
  0x00, 0x00, 0x00, 0x00, 0x00, 0x00, 0x00, 0x00, 0x00, 0x00, 0x00, 0x00,
  0x00, 0x00, 0x00, 0x00, 0x00, 0x00, 0x00, 0x00, 0x00, 0x00, 0x00, 0x00,
  0x00, 0x00, 0x00, 0x00, 0x00, 0x00, 0x00, 0x00, 0x00, 0x00, 0x00, 0x00,
  0x00, 0x00, 0x00, 0x00, 0x00, 0x00, 0x00, 0x00, 0x00, 0x00, 0x00, 0x00,
  0x00, 0x00, 0x00, 0x00, 0x00, 0x00, 0x00, 0x00, 0x00, 0x00, 0x00, 0x00,
  0x00, 0x00, 0x00, 0x00, 0x00, 0x00, 0x00, 0x00, 0x00, 0x00, 0x00, 0x00,
  0x00, 0x00, 0x00, 0x00, 0x00, 0x00, 0x00, 0x00, 0x00, 0x00, 0x00, 0x00,
  0x00, 0x00, 0x00, 0x00, 0x00, 0x00, 0x00, 0x00, 0x00, 0x00, 0x00, 0x00,
  0x00, 0x00, 0x00, 0x00, 0x00, 0x00, 0x00, 0x00, 0x00, 0x00, 0x00, 0x00,
  0x00, 0x00, 0x00, 0x00, 0x00, 0x00, 0x00, 0x00, 0x00, 0x00, 0x00, 0x00,
  0x00, 0x00, 0x00, 0x00, 0x00, 0x00, 0x00, 0x00, 0x00, 0x00, 0x00, 0x00,
  0x00, 0x00, 0x00, 0x00, 0x00, 0x00, 0x00, 0x00, 0x00, 0x00, 0x00, 0x00,
  0x00, 0x00, 0x00, 0x00, 0x00, 0x00, 0x00, 0x00, 0x00, 0x00, 0x00, 0x00,
  0x00, 0x00, 0x00, 0x00, 0x00, 0x00, 0x00, 0x00, 0x00, 0x00, 0x00, 0x00,
  0x00, 0x00, 0x00, 0x00, 0x00, 0x00, 0x00, 0x00, 0x00, 0x00, 0x00, 0x00,
  0x00, 0x00, 0x00, 0x00, 0x00, 0x00, 0x00, 0x00, 0x00, 0x00, 0x00, 0x00,
  0x00, 0x00, 0x00, 0x00, 0x00, 0x00, 0x00, 0x00, 0x00, 0x00, 0x00, 0x00,
  0x00, 0x00, 0x00, 0x00, 0x00, 0x00, 0x00, 0x00, 0x00, 0x00, 0x00, 0x00,
  0x00, 0x00, 0x00, 0x00, 0x00, 0x00, 0x00, 0x00, 0x00, 0x00, 0x00, 0x00,
  0x00, 0x00, 0x00, 0x00, 0x00, 0x00, 0x00, 0x00, 0x00, 0x00, 0x00, 0x00,
  0x00, 0x00, 0x00, 0x00, 0x00, 0x00, 0x00, 0x00, 0x00, 0x00, 0x00, 0x00,
  0x00, 0x00, 0x00, 0x00, 0x00, 0x00, 0x00, 0x00, 0x00, 0x00, 0x00, 0x00,
  0x00, 0x00, 0x00, 0x00, 0x00, 0x00, 0x00, 0x00, 0x00, 0x00, 0x00, 0x00,
  0x00, 0x00, 0x00, 0x00, 0x00, 0x00, 0x00, 0x00, 0x00, 0x00, 0x00, 0x00,
  0x00, 0x00, 0x00, 0x00, 0x00, 0x00, 0x00, 0x00, 0x00, 0x00, 0x00, 0x00,
  0x00, 0x00, 0x00, 0x00, 0x00, 0x00, 0x00, 0x00, 0x00, 0x00, 0x00, 0x00,
  0x00, 0x00, 0x00, 0x00, 0x00, 0x00, 0x00, 0x00, 0x00, 0x00, 0x00, 0x00,
  0x00, 0x00, 0x00, 0x00, 0x00, 0x00, 0x00, 0x00, 0x00, 0x00, 0x00, 0x00,
  0x00, 0x00, 0x00, 0x00, 0x00, 0x00, 0x00, 0x00, 0x00, 0x00, 0x00, 0x00,
  0x00, 0x00, 0x00, 0x00, 0x00, 0x00, 0x00, 0x00, 0x00, 0x00, 0x00, 0x00,
  0x00, 0x00, 0x00, 0x00, 0x00, 0x00, 0x00, 0x00, 0x00, 0x00, 0x00, 0x00,
  0x00, 0x00, 0x00, 0x00, 0x00, 0x00, 0x00, 0x00, 0x00, 0x00, 0x00, 0x00,
  0x00, 0x00, 0x00, 0x00, 0x00, 0x00, 0x00, 0x00, 0x00, 0x00, 0x00, 0x00,
  0x00, 0x00, 0x00, 0x00, 0x00, 0x00, 0x00, 0x00, 0x00, 0x00, 0x00, 0x00,
  0x00, 0x00, 0x00, 0x00, 0x00, 0x00, 0x00, 0x00, 0x00, 0x00, 0x00, 0x00,
  0x00, 0x00, 0x00, 0x00, 0x00, 0x00, 0x00, 0x00, 0x00, 0x00, 0x00, 0x00,
  0x00, 0x00, 0x00, 0x00, 0x00, 0x00, 0x00, 0x00, 0x00, 0x00, 0x00, 0x00,
  0x00, 0x00, 0x00, 0x00, 0x00, 0x00, 0x00, 0x00, 0x00, 0x00, 0x00, 0x00,
  0x00, 0x00, 0x00, 0x00, 0x00, 0x00, 0x00, 0x00, 0x00, 0x00, 0x00, 0x00,
  0x00, 0x00, 0x00, 0x00, 0x00, 0x00, 0x00, 0x00, 0x00, 0x00, 0x00, 0x00,
  0x00, 0x00, 0x00, 0x00, 0x00, 0x00, 0x00, 0x00, 0x00, 0x00, 0x00, 0x00,
  0x00, 0x00, 0x00, 0x00, 0x00, 0x00, 0x00, 0x00, 0x00, 0x00, 0x00, 0x00,
  0x00, 0x00, 0x00, 0x00, 0x00, 0x00, 0x00, 0x00, 0x00, 0x00, 0x00, 0x00,
  0x00, 0x00, 0x00, 0x00, 0x00, 0x00, 0x00, 0x00, 0x00, 0x00, 0x00, 0x00,
  0x00, 0x00, 0x00, 0x00, 0x00, 0x00, 0x00, 0x00, 0x00, 0x00, 0x00, 0x00,
  0x00, 0x00, 0x00, 0x00, 0x00, 0x00, 0x00, 0x00, 0x00, 0x00, 0x00, 0x00,
  0x00, 0x00, 0x00, 0x00, 0x00, 0x00, 0x00, 0x00, 0x00, 0x00, 0x00, 0x00,
  0x00, 0x00, 0x00, 0x00, 0x00, 0x00, 0x00, 0x00, 0x00, 0x00, 0x00, 0x00,
  0x00, 0x00, 0x00, 0x00, 0x00, 0x00, 0x00, 0x00, 0x00, 0x00, 0x00, 0x00,
  0x00, 0x00, 0x00, 0x00, 0x00, 0x00, 0x00, 0x00, 0x00, 0x00, 0x00, 0x00,
  0x00, 0x00, 0x00, 0x00, 0x00, 0x00, 0x00, 0x00, 0x00, 0x00, 0x00, 0x00,
  0x00, 0x00, 0x00, 0x00, 0x00, 0x00, 0x00, 0x00, 0x00, 0x00, 0x00, 0x00,
  0x00, 0x00, 0x00, 0x00, 0x00, 0x00, 0x00, 0x00, 0x00, 0x00, 0x00, 0x00,
  0x00, 0x00, 0x00, 0x00, 0x00, 0x00, 0x00, 0x00, 0x00, 0x00, 0x00, 0x00,
  0x00, 0x00, 0x00, 0x00, 0x00, 0x00, 0x00, 0x00, 0x00, 0x00, 0x00, 0x00,
  0x00, 0x00, 0x00, 0x00, 0x00, 0x00, 0x00, 0x00, 0x00, 0x00, 0x00, 0x00,
  0x00, 0x00, 0x00, 0x00, 0x00, 0x00, 0x00, 0x00, 0x00, 0x00, 0x00, 0x00,
  0x00, 0x00, 0x00, 0x00, 0x00, 0x00, 0x00, 0x00, 0x00, 0x00, 0x00, 0x00,
  0x00, 0x00, 0x00, 0x00, 0x00, 0x00, 0x00, 0x00, 0x00, 0x00, 0x00, 0x00,
  0x00, 0x00, 0x00, 0x00, 0x00, 0x00, 0x00, 0x00, 0x00, 0x00, 0x00, 0x00,
  0x00, 0x00, 0x00, 0x00, 0x00, 0x00, 0x00, 0x00, 0x00, 0x00, 0x00, 0x00,
  0x00, 0x00, 0x00, 0x00, 0x00, 0x00, 0x00, 0x00, 0x00, 0x00, 0x00, 0x00,
  0x00, 0x00, 0x00, 0x00, 0x00, 0x00, 0x00, 0x00, 0x00, 0x00, 0x00, 0x00,
  0x00, 0x00, 0x00, 0x00, 0x00, 0x00, 0x00, 0x00, 0x00, 0x00, 0x00, 0x00,
  0x00, 0x00, 0x00, 0x00, 0x00, 0x00, 0x00, 0x00, 0x00, 0x00, 0x00, 0x00,
  0x00, 0x00, 0x00, 0x00, 0x00, 0x00, 0x00, 0x00, 0x00, 0x00, 0x00, 0x00,
  0x00, 0x00, 0x00, 0x00, 0x00, 0x00, 0x00, 0x00, 0x00, 0x00, 0x00, 0x00,
  0x00, 0x00, 0x00, 0x00, 0x00, 0x00, 0x00, 0x00, 0x00, 0x00, 0x00, 0x00,
  0x00, 0x00, 0x00, 0x00, 0x00, 0x00, 0x00, 0x00, 0x00, 0x00, 0x00, 0x00,
  0x00, 0x00, 0x00, 0x00, 0x00, 0x00, 0x00, 0x00, 0x00, 0x00, 0x00, 0x00,
  0x00, 0x00, 0x00, 0x00, 0x00, 0x00, 0x00, 0x00, 0x00, 0x00, 0x00, 0x00,
  0x00, 0x00, 0x00, 0x00, 0x00, 0x00, 0x00, 0x00, 0x00, 0x00, 0x00, 0x00,
  0x00, 0x00, 0x00, 0x00, 0x00, 0x00, 0x00, 0x00, 0x00, 0x00, 0x00, 0x00,
  0x00, 0x00, 0x00, 0x00, 0x00, 0x00, 0x00, 0x00, 0x00, 0x00, 0x00, 0x00,
  0x00, 0x00, 0x00, 0x00, 0x00, 0x00, 0x00, 0x00, 0x00, 0x00, 0x00, 0x00,
  0x00, 0x00, 0x00, 0x00, 0x00, 0x00, 0x00, 0x00, 0x00, 0x00, 0x00, 0x00,
  0x00, 0x00, 0x00, 0x00, 0x00, 0x00, 0x00, 0x00, 0x00, 0x00, 0x00, 0x00,
  0x00, 0x00, 0x00, 0x00, 0x00, 0x00, 0x00, 0x00, 0x00, 0x00, 0x00, 0x00,
  0x00, 0x00, 0x00, 0x00, 0x00, 0x00, 0x00, 0x00, 0x00, 0x00, 0x00, 0x00,
  0x00, 0x00, 0x00, 0x00, 0x00, 0x00, 0x00, 0x00, 0x00, 0x00, 0x00, 0x00,
  0x00, 0x00, 0x00, 0x00, 0x00, 0x00, 0x00, 0x00, 0x00, 0x00, 0x00, 0x00,
  0x00, 0x00, 0x00, 0x00, 0x00, 0x00, 0x00, 0x00, 0x00, 0x00, 0x00, 0x00,
  0x00, 0x00, 0x00, 0x00, 0x00, 0x00, 0x00, 0x00, 0x00, 0x00, 0x00, 0x00,
  0x00, 0x00, 0x00, 0x00, 0x00, 0x00, 0x00, 0x00, 0x00, 0x00, 0x00, 0x00,
  0x00, 0x00, 0x00, 0x00, 0x00, 0x00, 0x00, 0x00, 0x00, 0x00, 0x00, 0x00,
  0x00, 0x00, 0x00, 0x00, 0x00, 0x00, 0x00, 0x00, 0x00, 0x00, 0x00, 0x00,
  0x00, 0x00, 0x00, 0x00, 0x00, 0x00, 0x00, 0x00, 0x00, 0x00, 0x00, 0x00,
  0x00, 0x00, 0x00, 0x00, 0x00, 0x00, 0x00, 0x00, 0x00, 0x00, 0x00, 0x00,
  0x00, 0x00, 0x00, 0x00, 0x00, 0x00, 0x00, 0x00, 0x00, 0x00, 0x00, 0x00,
  0x00, 0x00, 0x00, 0x00, 0x00, 0x00, 0x00, 0x00, 0x00, 0x00, 0x00, 0x00,
  0x00, 0x00, 0x00, 0x00, 0x00, 0x00, 0x00, 0x00, 0x00, 0x00, 0x00, 0x00,
  0x00, 0x00, 0x00, 0x00, 0x00, 0x00, 0x00, 0x00, 0x00, 0x00, 0x00, 0x00,
  0x00, 0x00, 0x00, 0x00, 0x00, 0x00, 0x00, 0x00, 0x00, 0x00, 0x00, 0x00,
  0x00, 0x00, 0x00, 0x00, 0x00, 0x00, 0x00, 0x00, 0x00, 0x00, 0x00, 0x00,
  0x00, 0x00, 0x00, 0x00, 0x00, 0x00, 0x00, 0x00, 0x00, 0x00, 0x00, 0x00,
  0x00, 0x00, 0x00, 0x00, 0x00, 0x00, 0x00, 0x00, 0x00, 0x00, 0x00, 0x00,
  0x00, 0x00, 0x00, 0x00, 0x00, 0x00, 0x00, 0x00, 0x00, 0x00, 0x00, 0x00,
  0x00, 0x00, 0x00, 0x00, 0x00, 0x00, 0x00, 0x00, 0x00, 0x00, 0x00, 0x00,
  0x00, 0x00, 0x00, 0x00, 0x00, 0x00, 0x00, 0x00, 0x00, 0x00, 0x00, 0x00,
  0x00, 0x00, 0x00, 0x00, 0x00, 0x00, 0x00, 0x00, 0x00, 0x00, 0x00, 0x00,
  0x00, 0x00, 0x00, 0x00, 0x00, 0x00, 0x00, 0x00, 0x00, 0x00, 0x00, 0x00,
  0x00, 0x00, 0x00, 0x00, 0x00, 0x00, 0x00, 0x00, 0x00, 0x00, 0x00, 0x00,
  0x00, 0x00, 0x00, 0x00, 0x00, 0x00, 0x00, 0x00, 0x00, 0x00, 0x00, 0x00,
  0x00, 0x00, 0x00, 0x00, 0x00, 0x00, 0x00, 0x00, 0x00, 0x00, 0x00, 0x00,
  0x00, 0x00, 0x00, 0x00, 0x00, 0x00, 0x00, 0x00, 0x00, 0x00, 0x00, 0x00,
  0x00, 0x00, 0x00, 0x00, 0x00, 0x00, 0x00, 0x00, 0x00, 0x00, 0x00, 0x00,
  0x00, 0x00, 0x00, 0x00, 0x00, 0x00, 0x00, 0x00, 0x00, 0x00, 0x00, 0x00,
  0x00, 0x00, 0x00, 0x00, 0x00, 0x00, 0x00, 0x00, 0x00, 0x00, 0x00, 0x00,
  0x00, 0x00, 0x00, 0x00, 0x00, 0x00, 0x00, 0x00, 0x00, 0x00, 0x00, 0x00,
  0x00, 0x00, 0x00, 0x00, 0x00, 0x00, 0x00, 0x00, 0x00, 0x00, 0x00, 0x00,
  0x00, 0x00, 0x00, 0x00, 0x00, 0x00, 0x00, 0x00, 0x00, 0x00, 0x00, 0x00,
  0x00, 0x00, 0x00, 0x00, 0x00, 0x00, 0x00, 0x00, 0x00, 0x00, 0x00, 0x00,
  0x00, 0x00, 0x00, 0x00, 0x00, 0x00, 0x00, 0x00, 0x00, 0x00, 0x00, 0x00,
  0x00, 0x00, 0x00, 0x00, 0x00, 0x00, 0x00, 0x00, 0x00, 0x00, 0x00, 0x00,
  0x00, 0x00, 0x00, 0x00, 0x00, 0x00, 0x00, 0x00, 0x00, 0x00, 0x00, 0x00,
  0x00, 0x00, 0x00, 0x00, 0x00, 0x00, 0x00, 0x00, 0x00, 0x00, 0x00, 0x00,
  0x00, 0x00, 0x00, 0x00, 0x00, 0x00, 0x00, 0x00, 0x00, 0x00, 0x00, 0x00,
  0x00, 0x00, 0x00, 0x00, 0x00, 0x00, 0x00, 0x00, 0x00, 0x00, 0x00, 0x00,
  0x00, 0x00, 0x00, 0x00, 0x00, 0x00, 0x00, 0x00, 0x00, 0x00, 0x00, 0x00,
  0x00, 0x00, 0x00, 0x00, 0x00, 0x00, 0x00, 0x00, 0x00, 0x00, 0x00, 0x00,
  0x00, 0x00, 0x00, 0x00, 0x00, 0x00, 0x00, 0x00, 0x00, 0x00, 0x00, 0x00,
  0x00, 0x00, 0x00, 0x00, 0x00, 0x00, 0x00, 0x00, 0x00, 0x00, 0x00, 0x00,
  0x00, 0x00, 0x00, 0x00, 0x00, 0x00, 0x00, 0x00, 0x00, 0x00, 0x00, 0x00,
  0x00, 0x00, 0x00, 0x00, 0x00, 0x00, 0x00, 0x00, 0x00, 0x00, 0x00, 0x00,
  0x00, 0x00, 0x00, 0x00, 0x00, 0x00, 0x00, 0x00, 0x00, 0x00, 0x00, 0x00,
  0x00, 0x00, 0x00, 0x00, 0x00, 0x00, 0x00, 0x00, 0x00, 0x00, 0x00, 0x00,
  0x00, 0x00, 0x00, 0x00, 0x00, 0x00, 0x00, 0x00, 0x00, 0x00, 0x00, 0x00,
  0x00, 0x00, 0x00, 0x00, 0x00, 0x00, 0x00, 0x00, 0x00, 0x00, 0x00, 0x00,
  0x00, 0x00, 0x00, 0x00, 0x00, 0x00, 0x00, 0x00, 0x00, 0x00, 0x00, 0x00,
  0x00, 0x00, 0x00, 0x00, 0x00, 0x00, 0x00, 0x00, 0x00, 0x00, 0x00, 0x00,
  0x00, 0x00, 0x00, 0x00, 0x00, 0x00, 0x00, 0x00, 0x00, 0x00, 0x00, 0x00,
  0x00, 0x00, 0x00, 0x00, 0x00, 0x00, 0x00, 0x00, 0x00, 0x00, 0x00, 0x00,
  0x00, 0x00, 0x00, 0x00, 0x00, 0x00, 0x00, 0x00, 0x00, 0x00, 0x00, 0x00,
  0x00, 0x00, 0x00, 0x00, 0x00, 0x00, 0x00, 0x00, 0x00, 0x00, 0x00, 0x00,
  0x00, 0x00, 0x00, 0x00, 0x00, 0x00, 0x00, 0x00, 0x00, 0x00, 0x00, 0x00,
  0x00, 0x00, 0x00, 0x00, 0x00, 0x00, 0x00, 0x00, 0x00, 0x00, 0x00, 0x00,
  0x00, 0x00, 0x00, 0x00, 0x00, 0x00, 0x00, 0x00, 0x00, 0x00, 0x00, 0x00,
  0x00, 0x00, 0x00, 0x00, 0x00, 0x00, 0x00, 0x00, 0x00, 0x00, 0x00, 0x00,
  0x00, 0x00, 0x00, 0x00, 0x00, 0x00, 0x00, 0x00, 0x00, 0x00, 0x00, 0x00,
  0x00, 0x00, 0x00, 0x00, 0x00, 0x00, 0x00, 0x00, 0x00, 0x00, 0x00, 0x00,
  0x00, 0x00, 0x00, 0x00, 0x00, 0x00, 0x00, 0x00, 0x00, 0x00, 0x00, 0x00,
  0x00, 0x00, 0x00, 0x00, 0x00, 0x00, 0x00, 0x00, 0x00, 0x00, 0x00, 0x00,
  0x00, 0x00, 0x00, 0x00, 0x00, 0x00, 0x00, 0x00, 0x00, 0x00, 0x00, 0x00,
  0x00, 0x00, 0x00, 0x00, 0x00, 0x00, 0x00, 0x00, 0x00, 0x00, 0x00, 0x00,
  0x00, 0x00, 0x00, 0x00, 0x00, 0x00, 0x00, 0x00, 0x00, 0x00, 0x00, 0x00,
  0x00, 0x00, 0x00, 0x00, 0x00, 0x00, 0x00, 0x00, 0x00, 0x00, 0x00, 0x00,
  0x00, 0x00, 0x00, 0x00, 0x00, 0x00, 0x00, 0x00, 0x00, 0x00, 0x00, 0x00,
  0x00, 0x00, 0x00, 0x00, 0x00, 0x00, 0x00, 0x00, 0x00, 0x00, 0x00, 0x00,
  0x00, 0x00, 0x00, 0x00, 0x00, 0x00, 0x00, 0x00, 0x00, 0x00, 0x00, 0x00,
  0x00, 0x00, 0x00, 0x00, 0x00, 0x00, 0x00, 0x00, 0x00, 0x00, 0x00, 0x00,
  0x00, 0x00, 0x00, 0x00, 0x00, 0x00, 0x00, 0x00, 0x00, 0x00, 0x00, 0x00,
  0x00, 0x00, 0x00, 0x00, 0x00, 0x00, 0x00, 0x00, 0x00, 0x00, 0x00, 0x00,
  0x00, 0x00, 0x00, 0x00, 0x00, 0x00, 0x00, 0x00, 0x00, 0x00, 0x00, 0x00,
  0x00, 0x00, 0x00, 0x00, 0x00, 0x00, 0x00, 0x00, 0x00, 0x00, 0x00, 0x00,
  0x00, 0x00, 0x00, 0x00, 0x00, 0x00, 0x00, 0x00, 0x00, 0x00, 0x00, 0x00,
  0x00, 0x00, 0x00, 0x00, 0x00, 0x00, 0x00, 0x00, 0x00, 0x00, 0x00, 0x00,
  0x00, 0x00, 0x00, 0x00, 0x00, 0x00, 0x00, 0x00, 0x00, 0x00, 0x00, 0x00,
  0x00, 0x00, 0x00, 0x00, 0x00, 0x00, 0x00, 0x00, 0x00, 0x00, 0x00, 0x00,
  0x00, 0x00, 0x00, 0x00, 0x00, 0x00, 0x00, 0x00, 0x00, 0x00, 0x00, 0x00,
  0x00, 0x00, 0x00, 0x00, 0x00, 0x00, 0x00, 0x00, 0x00, 0x00, 0x00, 0x00,
  0x00, 0x00, 0x00, 0x00, 0x00, 0x00, 0x00, 0x00, 0x00, 0x00, 0x00, 0x00,
  0x00, 0x00, 0x00, 0x00, 0x00, 0x00, 0x00, 0x00, 0x00, 0x00, 0x00, 0x00,
  0x00, 0x00, 0x00, 0x00, 0x00, 0x00, 0x00, 0x00, 0x00, 0x00, 0x00, 0x00,
  0x00, 0x00, 0x00, 0x00, 0x00, 0x00, 0x00, 0x00, 0x00, 0x00, 0x00, 0x00,
  0x00, 0x00, 0x00, 0x00, 0x00, 0x00, 0x00, 0x00, 0x00, 0x00, 0x00, 0x00,
  0x00, 0x00, 0x00, 0x00, 0x00, 0x00, 0x00, 0x00, 0x00, 0x00, 0x00, 0x00,
  0x00, 0x00, 0x00, 0x00, 0x00, 0x00, 0x00, 0x00, 0x00, 0x00, 0x00, 0x00,
  0x00, 0x00, 0x00, 0x00, 0x00, 0x00, 0x00, 0x00, 0x00, 0x00, 0x00, 0x00,
  0x00, 0x00, 0x00, 0x00, 0x00, 0x00, 0x00, 0x00, 0x00, 0x00, 0x00, 0x00,
  0x00, 0x00, 0x00, 0x00, 0x00, 0x00, 0x00, 0x00, 0x00, 0x00, 0x00, 0x00,
  0x00, 0x00, 0x00, 0x00, 0x00, 0x00, 0x00, 0x00, 0x00, 0x00, 0x00, 0x00,
  0x00, 0x00, 0x00, 0x00, 0x00, 0x00, 0x00, 0x00, 0x00, 0x00, 0x00, 0x00,
  0x00, 0x00, 0x00, 0x00, 0x00, 0x00, 0x00, 0x00, 0x00, 0x00, 0x00, 0x00,
  0x00, 0x00, 0x00, 0x00, 0x00, 0x00, 0x00, 0x00, 0x00, 0x00, 0x00, 0x00,
  0x00, 0x00, 0x00, 0x00, 0xf3, 0x0f, 0x1e, 0xfa, 0x55, 0x48, 0x89, 0xe5,
  0x53, 0x48, 0x89, 0x7d, 0xe0, 0x48, 0x89, 0x75, 0xd8, 0x48, 0x89, 0x55,
  0xd0, 0x48, 0x89, 0x4d, 0xc8, 0x48, 0x8b, 0x45, 0xe0, 0x48, 0x8b, 0x75,
  0xd8, 0x48, 0x8b, 0x4d, 0xd0, 0x48, 0x8b, 0x55, 0xc8, 0x48, 0x89, 0xf3,
  0xcd, 0x80, 0x48, 0x89, 0x45, 0xf0, 0x48, 0x8b, 0x45, 0xf0, 0x48, 0x8b,
  0x5d, 0xf8, 0xc9, 0xc3, 0xf3, 0x0f, 0x1e, 0xfa, 0x55, 0x48, 0x89, 0xe5,
  0x48, 0x83, 0xec, 0x08, 0x48, 0x89, 0x7d, 0xf8, 0x48, 0x8b, 0x45, 0xf8,
  0xb9, 0x00, 0x00, 0x00, 0x00, 0xba, 0x00, 0x00, 0x00, 0x00, 0x48, 0x89,
  0xc6, 0xbf, 0x1e, 0x00, 0x00, 0x00, 0xe8, 0x99, 0xff, 0xff, 0xff, 0x90,
  0xc9, 0xc3, 0xf3, 0x0f, 0x1e, 0xfa, 0x55, 0x48, 0x89, 0xe5, 0xb9, 0x00,
  0x00, 0x00, 0x00, 0xba, 0x00, 0x00, 0x00, 0x00, 0xbe, 0x00, 0x00, 0x00,
  0x00, 0xbf, 0x1f, 0x00, 0x00, 0x00, 0xe8, 0x75, 0xff, 0xff, 0xff, 0x90,
  0x5d, 0xc3, 0xf3, 0x0f, 0x1e, 0xfa, 0x55, 0x48, 0x89, 0xe5, 0x48, 0x83,
  0xec, 0x18, 0x48, 0x89, 0x7d, 0xe8, 0x48, 0x8d, 0x55, 0xf8, 0x48, 0x8b,
  0x45, 0xe8, 0xb9, 0x00, 0x00, 0x00, 0x00, 0x48, 0x89, 0xc6, 0xbf, 0x0a,
  0x00, 0x00, 0x00, 0xe8, 0x48, 0xff, 0xff, 0xff, 0x48, 0x8b, 0x45, 0xf8,
  0xc9, 0xc3, 0xf3, 0x0f, 0x1e, 0xfa, 0x55, 0x48, 0x89, 0xe5, 0x48, 0x83,
  0xec, 0x08, 0x48, 0x89, 0x7d, 0xf8, 0x48, 0x8b, 0x45, 0xf8, 0xb9, 0x00,
  0x00, 0x00, 0x00, 0xba, 0x00, 0x00, 0x00, 0x00, 0x48, 0x89, 0xc6, 0xbf,
  0x0b, 0x00, 0x00, 0x00, 0xe8, 0x17, 0xff, 0xff, 0xff, 0x90, 0xc9, 0xc3,
  0xf3, 0x0f, 0x1e, 0xfa, 0x55, 0x48, 0x89, 0xe5, 0xb9, 0x00, 0x00, 0x00,
  0x00, 0xba, 0x00, 0x00, 0x00, 0x00, 0xbe, 0x00, 0x00, 0x00, 0x00, 0xbf,
  0x00, 0x00, 0x00, 0x00, 0xe8, 0xf3, 0xfe, 0xff, 0xff, 0x90, 0x5d, 0xc3,
  0xf3, 0x0f, 0x1e, 0xfa, 0x55, 0x48, 0x89, 0xe5, 0x48, 0x83, 0xec, 0x10,
  0x48, 0x89, 0x7d, 0xf8, 0x48, 0x89, 0x75, 0xf0, 0x48, 0x8b, 0x55, 0xf0,
  0x48, 0x8b, 0x45, 0xf8, 0xb9, 0x00, 0x00, 0x00, 0x00, 0x48, 0x89, 0xc6,
  0xbf, 0x01, 0x00, 0x00, 0x00, 0xe8, 0xc2, 0xfe, 0xff, 0xff, 0xc9, 0xc3,
  0xf3, 0x0f, 0x1e, 0xfa, 0x55, 0x48, 0x89, 0xe5, 0x48, 0x83, 0xec, 0x08,
  0x89, 0x7d, 0xfc, 0x8b, 0x45, 0xfc, 0xb9, 0x00, 0x00, 0x00, 0x00, 0xba,
  0x00, 0x00, 0x00, 0x00, 0x48, 0x89, 0xc6, 0xbf, 0x02, 0x00, 0x00, 0x00,
  0xe8, 0x97, 0xfe, 0xff, 0xff, 0x90, 0xc9, 0xc3, 0xf3, 0x0f, 0x1e, 0xfa,
  0x55, 0x48, 0x89, 0xe5, 0x48, 0x83, 0xec, 0x10, 0x66, 0xc7, 0x45, 0xfe,
  0x00, 0x00, 0xeb, 0x1b, 0x48, 0x8d, 0x45, 0xfe, 0xb9, 0x00, 0x00, 0x00,
  0x00, 0xba, 0x00, 0x00, 0x00, 0x00, 0x48, 0x89, 0xc6, 0xbf, 0x14, 0x00,
  0x00, 0x00, 0xe8, 0x65, 0xfe, 0xff, 0xff, 0x0f, 0xb7, 0x45, 0xfe, 0x66,
  0x85, 0xc0, 0x74, 0xdc, 0x0f, 0xb7, 0x45, 0xfe, 0xc9, 0xc3, 0xf3, 0x0f,
  0x1e, 0xfa, 0x55, 0x48, 0x89, 0xe5, 0x89, 0xf8, 0x66, 0x89, 0x45, 0xec,
  0x66, 0x81, 0x7d, 0xec, 0xff, 0x00, 0x76, 0x07, 0xb8, 0x00, 0x00, 0x00,
  0x00, 0xeb, 0x53, 0x0f, 0xb7, 0x45, 0xec, 0x48, 0x98, 0x48, 0x8d, 0x15,
  0x2c, 0x3e, 0x00, 0x00, 0x0f, 0xb6, 0x04, 0x10, 0x88, 0x45, 0xff, 0x0f,
  0xb7, 0x45, 0xec, 0x66, 0xc1, 0xe8, 0x08, 0x66, 0x3d, 0xe0, 0x00, 0x75,
  0x07, 0xb8, 0x00, 0x00, 0x00, 0x00, 0xeb, 0x2a, 0x80, 0x7d, 0xff, 0x1f,
  0x7e, 0x06, 0x80, 0x7d, 0xff, 0x7f, 0x75, 0x12, 0x80, 0x7d, 0xff, 0x08,
  0x74, 0x0c, 0x80, 0x7d, 0xff, 0x09, 0x74, 0x06, 0x80, 0x7d, 0xff, 0x0a,
  0x75, 0x07, 0xb8, 0x01, 0x00, 0x00, 0x00, 0xeb, 0x05, 0xb8, 0x00, 0x00,
  0x00, 0x00, 0x5d, 0xc3, 0xf3, 0x0f, 0x1e, 0xfa, 0x55, 0x48, 0x89, 0xe5,
  0x48, 0x83, 0xec, 0x10, 0x48, 0x89, 0x7d, 0xf8, 0x48, 0x89, 0x75, 0xf0,
  0x48, 0x8b, 0x55, 0xf0, 0x48, 0x8b, 0x45, 0xf8, 0xb9, 0x00, 0x00, 0x00,
  0x00, 0x48, 0x89, 0xc6, 0xbf, 0x28, 0x00, 0x00, 0x00, 0xe8, 0xb6, 0xfd,
  0xff, 0xff, 0xc9, 0xc3, 0xf3, 0x0f, 0x1e, 0xfa, 0x55, 0x48, 0x89, 0xe5,
  0x48, 0x83, 0xec, 0x10, 0x48, 0x89, 0x7d, 0xf8, 0x48, 0x89, 0x75, 0xf0,
  0x48, 0x8b, 0x55, 0xf0, 0x48, 0x8b, 0x45, 0xf8, 0xb9, 0x00, 0x00, 0x00,
  0x00, 0x48, 0x89, 0xc6, 0xbf, 0x29, 0x00, 0x00, 0x00, 0xe8, 0x86, 0xfd,
  0xff, 0xff, 0xc9, 0xc3, 0xf3, 0x0f, 0x1e, 0xfa, 0x55, 0x48, 0x89, 0xe5,
  0x48, 0x83, 0xec, 0x18, 0x48, 0x89, 0x7d, 0xe8, 0x48, 0x8d, 0x55, 0xff,
  0x48, 0x8b, 0x45, 0xe8, 0xb9, 0x00, 0x00, 0x00, 0x00, 0x48, 0x89, 0xc6,
  0xbf, 0x2a, 0x00, 0x00, 0x00, 0xe8, 0x5a, 0xfd, 0xff, 0xff, 0x0f, 0xb6,
  0x45, 0xff, 0xc9, 0xc3, 0xf3, 0x0f, 0x1e, 0xfa, 0x55, 0x48, 0x89, 0xe5,
  0x48, 0x83, 0xec, 0x18, 0x48, 0x89, 0x7d, 0xf8, 0x48, 0x89, 0x75, 0xf0,
  0x48, 0x89, 0x55, 0xe8, 0x48, 0x8b, 0x55, 0xf0, 0x48, 0x8b, 0x45, 0xf8,
  0x48, 0x8b, 0x4d, 0xe8, 0x48, 0x89, 0xc6, 0xbf, 0x2b, 0x00, 0x00, 0x00,
  0xe8, 0x23, 0xfd, 0xff, 0xff, 0xc9, 0xc3, 0xf3, 0x0f, 0x1e, 0xfa, 0x55,
  0x48, 0x89, 0xe5, 0x48, 0x83, 0xec, 0x08, 0x48, 0x89, 0x7d, 0xf8, 0x48,
  0x8b, 0x45, 0xf8, 0xb9, 0x00, 0x00, 0x00, 0x00, 0xba, 0x00, 0x00, 0x00,
  0x00, 0x48, 0x89, 0xc6, 0xbf, 0x2c, 0x00, 0x00, 0x00, 0xe8, 0xf6, 0xfc,
  0xff, 0xff, 0xc9, 0xc3, 0xf3, 0x0f, 0x1e, 0xfa, 0x55, 0x48, 0x89, 0xe5,
  0x48, 0x83, 0xec, 0x08, 0x48, 0x89, 0x7d, 0xf8, 0x48, 0x8b, 0x45, 0xf8,
  0xb9, 0x00, 0x00, 0x00, 0x00, 0xba, 0x00, 0x00, 0x00, 0x00, 0x48, 0x89,
  0xc6, 0xbf, 0x2d, 0x00, 0x00, 0x00, 0xe8, 0xc9, 0xfc, 0xff, 0xff, 0xc9,
  0xc3, 0xf3, 0x0f, 0x1e, 0xfa, 0x55, 0x48, 0x89, 0xe5, 0x48, 0x83, 0xec,
  0x08, 0x48, 0x89, 0x7d, 0xf8, 0x48, 0x8b, 0x45, 0xf8, 0xb9, 0x00, 0x00,
  0x00, 0x00, 0xba, 0x00, 0x00, 0x00, 0x00, 0x48, 0x89, 0xc6, 0xbf, 0x2e,
  0x00, 0x00, 0x00, 0xe8, 0x9c, 0xfc, 0xff, 0xff, 0xc9, 0xc3, 0xf3, 0x0f,
  0x1e, 0xfa, 0x55, 0x48, 0x89, 0xe5, 0x48, 0x83, 0xec, 0x10, 0x48, 0x89,
  0x7d, 0xf8, 0x48, 0x89, 0x75, 0xf0, 0x48, 0x8b, 0x55, 0xf0, 0x48, 0x8b,
  0x45, 0xf8, 0xb9, 0x00, 0x00, 0x00, 0x00, 0x48, 0x89, 0xc6, 0xbf, 0x2f,
  0x00, 0x00, 0x00, 0xe8, 0x6c, 0xfc, 0xff, 0xff, 0xc9, 0xc3, 0xf3, 0x0f,
  0x1e, 0xfa, 0x55, 0x48, 0x89, 0xe5, 0x48, 0x83, 0xec, 0x20, 0x48, 0x89,
  0x7d, 0xe8, 0x48, 0x89, 0x75, 0xe0, 0x48, 0x8b, 0x4d, 0xe0, 0x48, 0x8d,
  0x55, 0xf8, 0x48, 0x8b, 0x45, 0xe8, 0x48, 0x89, 0xc6, 0xbf, 0x30, 0x00,
  0x00, 0x00, 0xe8, 0x3d, 0xfc, 0xff, 0xff, 0x48, 0x8b, 0x45, 0xf8, 0xc9,
  0xc3, 0xf3, 0x0f, 0x1e, 0xfa, 0x55, 0x48, 0x89, 0xe5, 0xf2, 0x0f, 0x11,
  0x45, 0xf8, 0x66, 0x0f, 0xef, 0xc0, 0x66, 0x0f, 0x2f, 0x45, 0xf8, 0x76,
  0x13, 0xf2, 0x0f, 0x10, 0x45, 0xf8, 0xf3, 0x0f, 0x7e, 0x0d, 0x72, 0x2c,
  0x00, 0x00, 0x66, 0x0f, 0x57, 0xc1, 0xeb, 0x05, 0xf2, 0x0f, 0x10, 0x45,
  0xf8, 0x5d, 0xc3, 0xf3, 0x0f, 0x1e, 0xfa, 0x55, 0x48, 0x89, 0xe5, 0x48,
  0x83, 0xec, 0x38, 0xf2, 0x0f, 0x11, 0x45, 0xd8, 0x89, 0x7d, 0xd4, 0x83,
  0x7d, 0xd4, 0x00, 0x75, 0x0d, 0xf2, 0x0f, 0x10, 0x05, 0x53, 0x2c, 0x00,
  0x00, 0xe9, 0x14, 0x01, 0x00, 0x00, 0x83, 0x7d, 0xd4, 0x01, 0x75, 0x0a,
  0xf2, 0x0f, 0x10, 0x45, 0xd8, 0xe9, 0x04, 0x01, 0x00, 0x00, 0x83, 0x7d,
  0xd4, 0xff, 0x75, 0x12, 0xf2, 0x0f, 0x10, 0x05, 0x30, 0x2c, 0x00, 0x00,
  0xf2, 0x0f, 0x5e, 0x45, 0xd8, 0xe9, 0xec, 0x00, 0x00, 0x00, 0x83, 0x7d,
  0xd4, 0x01, 0x7e, 0x70, 0xf2, 0x0f, 0x10, 0x45, 0xd8, 0xf2, 0x0f, 0x11,
  0x45, 0xf8, 0xc7, 0x45, 0xf4, 0x00, 0x00, 0x00, 0x00, 0xeb, 0x13, 0xf2,
  0x0f, 0x10, 0x45, 0xf8, 0xf2, 0x0f, 0x59, 0x45, 0xd8, 0xf2, 0x0f, 0x11,
  0x45, 0xf8, 0x83, 0x45, 0xf4, 0x01, 0x66, 0x0f, 0xef, 0xd2, 0xf2, 0x0f,
  0x2a, 0x55, 0xf4, 0xf2, 0x0f, 0x11, 0x55, 0xc8, 0x66, 0x0f, 0xef, 0xdb,
  0xf2, 0x0f, 0x2a, 0x5d, 0xd4, 0x66, 0x48, 0x0f, 0x7e, 0xd8, 0x66, 0x48,
  0x0f, 0x6e, 0xc0, 0xe8, 0x2d, 0xff, 0xff, 0xff, 0x66, 0x48, 0x0f, 0x7e,
  0xc0, 0xf2, 0x0f, 0x10, 0x0d, 0xc7, 0x2b, 0x00, 0x00, 0x66, 0x48, 0x0f,
  0x6e, 0xc0, 0xf2, 0x0f, 0x5c, 0xc1, 0x66, 0x0f, 0x2f, 0x45, 0xc8, 0x77,
  0xaa, 0xf2, 0x0f, 0x10, 0x45, 0xf8, 0xeb, 0x76, 0xf2, 0x0f, 0x10, 0x05,
  0xa8, 0x2b, 0x00, 0x00, 0xf2, 0x0f, 0x5e, 0x45, 0xd8, 0xf2, 0x0f, 0x11,
  0x45, 0xe8, 0xc7, 0x45, 0xe4, 0x00, 0x00, 0x00, 0x00, 0xeb, 0x13, 0xf2,
  0x0f, 0x10, 0x45, 0xe8, 0xf2, 0x0f, 0x5e, 0x45, 0xd8, 0xf2, 0x0f, 0x11,
  0x45, 0xe8, 0x83, 0x45, 0xe4, 0x01, 0x66, 0x0f, 0xef, 0xe4, 0xf2, 0x0f,
  0x2a, 0x65, 0xe4, 0xf2, 0x0f, 0x11, 0x65, 0xc8, 0x66, 0x0f, 0xef, 0xed,
  0xf2, 0x0f, 0x2a, 0x6d, 0xd4, 0x66, 0x48, 0x0f, 0x7e, 0xe8, 0x66, 0x48,
  0x0f, 0x6e, 0xc0, 0xe8, 0xb5, 0xfe, 0xff, 0xff, 0x66, 0x48, 0x0f, 0x7e,
  0xc0, 0xf2, 0x0f, 0x10, 0x0d, 0x4f, 0x2b, 0x00, 0x00, 0x66, 0x48, 0x0f,
  0x6e, 0xc0, 0xf2, 0x0f, 0x5c, 0xc1, 0x66, 0x0f, 0x2f, 0x45, 0xc8, 0x77,
  0xaa, 0xf2, 0x0f, 0x10, 0x45, 0xe8, 0xc9, 0xc3, 0xf3, 0x0f, 0x1e, 0xfa,
  0x55, 0x48, 0x89, 0xe5, 0xf2, 0x0f, 0x11, 0x45, 0xf8, 0xf2, 0x0f, 0x11,
  0x4d, 0xf0, 0xf2, 0x0f, 0x10, 0x45, 0xf8, 0x66, 0x0f, 0x2f, 0x45, 0xf0,
  0x76, 0x07, 0xf2, 0x0f, 0x10, 0x45, 0xf8, 0xeb, 0x05, 0xf2, 0x0f, 0x10,
  0x45, 0xf0, 0x5d, 0xc3, 0xf3, 0x0f, 0x1e, 0xfa, 0x55, 0x48, 0x89, 0xe5,
  0xf2, 0x0f, 0x11, 0x45, 0xf8, 0xf2, 0x0f, 0x11, 0x4d, 0xf0, 0xf2, 0x0f,
  0x10, 0x45, 0xf0, 0x66, 0x0f, 0x2f, 0x45, 0xf8, 0x76, 0x07, 0xf2, 0x0f,
  0x10, 0x45, 0xf8, 0xeb, 0x05, 0xf2, 0x0f, 0x10, 0x45, 0xf0, 0x5d, 0xc3,
  0xf3, 0x0f, 0x1e, 0xfa, 0x55, 0x48, 0x89, 0xe5, 0xf2, 0x0f, 0x11, 0x45,
  0xf8, 0xf2, 0x0f, 0x11, 0x4d, 0xf0, 0xf2, 0x0f, 0x11, 0x55, 0xe8, 0xf2,
  0x0f, 0x10, 0x45, 0xf8, 0x66, 0x0f, 0x2f, 0x45, 0xe8, 0x76, 0x07, 0xf2,
  0x0f, 0x10, 0x45, 0xe8, 0xeb, 0x18, 0xf2, 0x0f, 0x10, 0x45, 0xf0, 0x66,
  0x0f, 0x2f, 0x45, 0xf8, 0x76, 0x07, 0xf2, 0x0f, 0x10, 0x45, 0xf0, 0xeb,
  0x05, 0xf2, 0x0f, 0x10, 0x45, 0xf8, 0x5d, 0xc3, 0xf3, 0x0f, 0x1e, 0xfa,
  0x55, 0x48, 0x89, 0xe5, 0xf2, 0x0f, 0x11, 0x45, 0xf8, 0xf2, 0x0f, 0x10,
  0x45, 0xf8, 0x66, 0x0f, 0xef, 0xc9, 0x66, 0x0f, 0x2f, 0xc1, 0x72, 0x13,
  0xf2, 0x0f, 0x10, 0x45, 0xf8, 0xf2, 0x0f, 0x2c, 0xc0, 0x66, 0x0f, 0xef,
  0xc0, 0xf2, 0x0f, 0x2a, 0xc0, 0xeb, 0x49, 0xf2, 0x0f, 0x10, 0x45, 0xf8,
  0xf2, 0x0f, 0x2c, 0xc0, 0x66, 0x0f, 0xef, 0xc9, 0xf2, 0x0f, 0x2a, 0xc8,
  0xf2, 0x0f, 0x10, 0x45, 0xf8, 0xf2, 0x0f, 0x5c, 0xc1, 0x66, 0x0f, 0xef,
  0xc9, 0x66, 0x0f, 0x2e, 0xc1, 0x7a, 0x0a, 0x66, 0x0f, 0xef, 0xc9, 0x66,
  0x0f, 0x2e, 0xc1, 0x74, 0x16, 0xf2, 0x0f, 0x10, 0x45, 0xf8, 0xf2, 0x0f,
  0x2c, 0xc0, 0x83, 0xe8, 0x01, 0x66, 0x0f, 0xef, 0xc0, 0xf2, 0x0f, 0x2a,
  0xc0, 0xeb, 0x05, 0xf2, 0x0f, 0x10, 0x45, 0xf8, 0x5d, 0xc3, 0xf3, 0x0f,
  0x1e, 0xfa, 0x55, 0x48, 0x89, 0xe5, 0x48, 0x83, 0xec, 0x18, 0xf2, 0x0f,
  0x11, 0x45, 0xe8, 0x48, 0x8b, 0x45, 0xe8, 0x66, 0x48, 0x0f, 0x6e, 0xc0,
  0xe8, 0x67, 0xff, 0xff, 0xff, 0x66, 0x48, 0x0f, 0x7e, 0xc0, 0x48, 0x89,
  0x45, 0xf8, 0xf2, 0x0f, 0x10, 0x45, 0xe8, 0xf2, 0x0f, 0x5c, 0x45, 0xf8,
  0xf2, 0x0f, 0x11, 0x45, 0xf0, 0x66, 0x0f, 0xef, 0xc0, 0x66, 0x0f, 0x2e,
  0x45, 0xf0, 0x7a, 0x0b, 0x66, 0x0f, 0xef, 0xc0, 0x66, 0x0f, 0x2e, 0x45,
  0xf0, 0x74, 0x13, 0xf2, 0x0f, 0x10, 0x4d, 0xf8, 0xf2, 0x0f, 0x10, 0x05,
  0xc8, 0x29, 0x00, 0x00, 0xf2, 0x0f, 0x58, 0xc1, 0xeb, 0x05, 0xf2, 0x0f,
  0x10, 0x45, 0xe8, 0xc9, 0xc3, 0xf3, 0x0f, 0x1e, 0xfa, 0x55, 0x48, 0x89,
  0xe5, 0x48, 0x89, 0x7d, 0xf8, 0x48, 0x89, 0x75, 0xf0, 0x48, 0x8b, 0x55,
  0xf8, 0x48, 0x8b, 0x45, 0xf0, 0x48, 0x01, 0xd0, 0x48, 0x83, 0xe8, 0x01,
  0xba, 0x00, 0x00, 0x00, 0x00, 0x48, 0xf7, 0x75, 0xf0, 0x5d, 0xc3, 0xf3,
  0x0f, 0x1e, 0xfa, 0x55, 0x48, 0x89, 0xe5, 0x48, 0x83, 0xec, 0x18, 0xf2,
  0x0f, 0x11, 0x45, 0xe8, 0x48, 0x8b, 0x45, 0xe8, 0x66, 0x48, 0x0f, 0x6e,
  0xc0, 0xe8, 0xd6, 0xfe, 0xff, 0xff, 0x66, 0x48, 0x0f, 0x7e, 0xc0, 0x48,
  0x89, 0x45, 0xf8, 0xf2, 0x0f, 0x10, 0x45, 0xe8, 0xf2, 0x0f, 0x5c, 0x45,
  0xf8, 0xf2, 0x0f, 0x11, 0x45, 0xf0, 0xf2, 0x0f, 0x10, 0x45, 0xf0, 0x66,
  0x0f, 0x2f, 0x05, 0x55, 0x29, 0x00, 0x00, 0x72, 0x13, 0xf2, 0x0f, 0x10,
  0x4d, 0xf8, 0xf2, 0x0f, 0x10, 0x05, 0x3e, 0x29, 0x00, 0x00, 0xf2, 0x0f,
  0x58, 0xc1, 0xeb, 0x05, 0xf2, 0x0f, 0x10, 0x45, 0xf8, 0xc9, 0xc3, 0xf3,
  0x0f, 0x1e, 0xfa, 0x55, 0x48, 0x89, 0xe5, 0x8b, 0x05, 0x33, 0x39, 0x00,
  0x00, 0x69, 0xc0, 0x6d, 0x4e, 0xc6, 0x41, 0x05, 0x39, 0x30, 0x00, 0x00,
  0x48, 0x98, 0x48, 0x89, 0x45, 0xf8, 0x48, 0x8b, 0x4d, 0xf8, 0x48, 0xba,
  0x01, 0x00, 0x00, 0x80, 0x00, 0x00, 0x00, 0x80, 0x48, 0x89, 0xc8, 0x48,
  0xf7, 0xea, 0x48, 0x8d, 0x04, 0x0a, 0x48, 0xc1, 0xf8, 0x1f, 0x48, 0x89,
  0xc2, 0x48, 0x89, 0xc8, 0x48, 0xc1, 0xf8, 0x3f, 0x48, 0x29, 0xc2, 0x48,
  0x89, 0xd0, 0x48, 0xc1, 0xe0, 0x20, 0x48, 0x29, 0xd0, 0x48, 0x29, 0xc1,
  0x48, 0x89, 0xca, 0x89, 0xd0, 0x89, 0x05, 0xe1, 0x38, 0x00, 0x00, 0x8b,
  0x05, 0xdb, 0x38, 0x00, 0x00, 0x5d, 0xc3, 0xf3, 0x0f, 0x1e, 0xfa, 0x55,
  0x48, 0x89, 0xe5, 0x48, 0x89, 0x7d, 0xd8, 0x48, 0x89, 0x75, 0xd0, 0x48,
  0x89, 0x55, 0xc8, 0x48, 0x8b, 0x45, 0xd8, 0x48, 0x89, 0x45, 0xf0, 0x48,
  0x8b, 0x45, 0xd0, 0x48, 0x89, 0x45, 0xe8, 0x48, 0xc7, 0x45, 0xf8, 0x00,
  0x00, 0x00, 0x00, 0xeb, 0x20, 0x48, 0x8b, 0x55, 0xe8, 0x48, 0x8b, 0x45,
  0xf8, 0x48, 0x01, 0xd0, 0x48, 0x8b, 0x4d, 0xf0, 0x48, 0x8b, 0x55, 0xf8,
  0x48, 0x01, 0xca, 0x0f, 0xb6, 0x00, 0x88, 0x02, 0x48, 0x83, 0x45, 0xf8,
  0x01, 0x48, 0x8b, 0x45, 0xf8, 0x48, 0x3b, 0x45, 0xc8, 0x72, 0xd6, 0x48,
  0x8b, 0x45, 0xd8, 0x5d, 0xc3, 0xf3, 0x0f, 0x1e, 0xfa, 0x55, 0x48, 0x89,
  0xe5, 0x48, 0x89, 0x7d, 0xe8, 0x89, 0xf0, 0x48, 0x89, 0x55, 0xd8, 0x88,
  0x45, 0xe4, 0x48, 0x8b, 0x45, 0xe8, 0x48, 0x89, 0x45, 0xf8, 0xeb, 0x12,
  0x48, 0x8b, 0x45, 0xf8, 0x48, 0x8d, 0x50, 0x01, 0x48, 0x89, 0x55, 0xf8,
  0x0f, 0xb6, 0x55, 0xe4, 0x88, 0x10, 0x48, 0x8b, 0x45, 0xd8, 0x48, 0x8d,
  0x50, 0xff, 0x48, 0x89, 0x55, 0xd8, 0x48, 0x85, 0xc0, 0x75, 0xdd, 0x48,
  0x8b, 0x45, 0xe8, 0x5d, 0xc3, 0xf3, 0x0f, 0x1e, 0xfa, 0x55, 0x48, 0x89,
  0xe5, 0x48, 0x89, 0x7d, 0xe8, 0xc7, 0x45, 0xfc, 0x00, 0x00, 0x00, 0x00,
  0xeb, 0x14, 0x81, 0x7d, 0xfc, 0xe8, 0x03, 0x00, 0x00, 0x7e, 0x07, 0xb8,
  0xff, 0xff, 0xff, 0xff, 0xeb, 0x1b, 0x83, 0x45, 0xfc, 0x01, 0x8b, 0x45,
  0xfc, 0x48, 0x63, 0xd0, 0x48, 0x8b, 0x45, 0xe8, 0x48, 0x01, 0xd0, 0x0f,
  0xb6, 0x00, 0x84, 0xc0, 0x75, 0xd8, 0x8b, 0x45, 0xfc, 0x5d, 0xc3, 0xf3,
  0x0f, 0x1e, 0xfa, 0x55, 0x48, 0x89, 0xe5, 0x48, 0x83, 0xec, 0x58, 0xf2,
  0x0f, 0x11, 0x45, 0xa8, 0x66, 0x0f, 0xef, 0xc0, 0x66, 0x0f, 0x2e, 0x45,
  0xa8, 0x7a, 0x34, 0x66, 0x0f, 0xef, 0xc0, 0x66, 0x0f, 0x2e, 0x45, 0xa8,
  0x75, 0x29, 0xbf, 0x02, 0x00, 0x00, 0x00, 0xe8, 0xce, 0xf7, 0xff, 0xff,
  0x48, 0x89, 0x45, 0xb8, 0x48, 0x8b, 0x45, 0xb8, 0xc6, 0x00, 0x30, 0x48,
  0x8b, 0x45, 0xb8, 0x48, 0x83, 0xc0, 0x01, 0xc6, 0x00, 0x00, 0x48, 0x8b,
  0x45, 0xb8, 0xe9, 0x51, 0x02, 0x00, 0x00, 0x66, 0x0f, 0xef, 0xc0, 0x66,
  0x0f, 0x2f, 0x45, 0xa8, 0x0f, 0x97, 0xc0, 0x0f, 0xb6, 0xc0, 0x89, 0x45,
  0xd0, 0x83, 0x7d, 0xd0, 0x00, 0x74, 0x16, 0xf2, 0x0f, 0x10, 0x45, 0xa8,
  0xf3, 0x0f, 0x7e, 0x0d, 0x5c, 0x27, 0x00, 0x00, 0x66, 0x0f, 0x57, 0xc1,
  0xf2, 0x0f, 0x11, 0x45, 0xa8, 0xc7, 0x45, 0xfc, 0x00, 0x00, 0x00, 0x00,
  0x48, 0x8b, 0x45, 0xa8, 0x66, 0x48, 0x0f, 0x6e, 0xc0, 0xe8, 0xa7, 0xfa,
  0xff, 0xff, 0x66, 0x48, 0x0f, 0x7e, 0xc0, 0x48, 0x89, 0x45, 0xf0, 0xeb,
  0x1a, 0x83, 0x45, 0xfc, 0x01, 0xf2, 0x0f, 0x10, 0x4d, 0xf0, 0xf2, 0x0f,
  0x10, 0x05, 0x42, 0x27, 0x00, 0x00, 0xf2, 0x0f, 0x59, 0xc1, 0xf2, 0x0f,
  0x11, 0x45, 0xf0, 0xf2, 0x0f, 0x10, 0x45, 0xf0, 0xf2, 0x48, 0x0f, 0x2c,
  0xc0, 0x66, 0x0f, 0xef, 0xc0, 0xf2, 0x48, 0x0f, 0x2a, 0xc0, 0x66, 0x0f,
  0x2e, 0x45, 0xf0, 0x7a, 0x07, 0x66, 0x0f, 0x2e, 0x45, 0xf0, 0x74, 0x06,
  0x83, 0x7d, 0xfc, 0x05, 0x7e, 0xbf, 0xf2, 0x0f, 0x10, 0x45, 0xf0, 0xf2,
  0x48, 0x0f, 0x2c, 0xc0, 0x48, 0x89, 0x45, 0xe8, 0xc7, 0x45, 0xe4, 0x00,
  0x00, 0x00, 0x00, 0x48, 0x8b, 0x45, 0xe8, 0x48, 0x89, 0x45, 0xd8, 0x83,
  0x45, 0xe4, 0x01, 0x48, 0x8b, 0x4d, 0xd8, 0x48, 0xba, 0x67, 0x66, 0x66,
  0x66, 0x66, 0x66, 0x66, 0x66, 0x48, 0x89, 0xc8, 0x48, 0xf7, 0xea, 0x48,
  0x89, 0xd0, 0x48, 0xc1, 0xf8, 0x02, 0x48, 0xc1, 0xf9, 0x3f, 0x48, 0x89,
  0xca, 0x48, 0x29, 0xd0, 0x48, 0x89, 0x45, 0xd8, 0x48, 0x83, 0x7d, 0xd8,
  0x00, 0x7f, 0xcc, 0x83, 0x7d, 0xfc, 0x00, 0x0f, 0x9f, 0xc0, 0x0f, 0xb6,
  0xd0, 0x8b, 0x45, 0xe4, 0x01, 0xc2, 0x8b, 0x45, 0xfc, 0x3b, 0x45, 0xe4,
  0x0f, 0x94, 0xc0, 0x0f, 0xb6, 0xc0, 0x01, 0xc2, 0x8b, 0x45, 0xd0, 0x01,
  0xd0, 0x83, 0xc0, 0x01, 0x89, 0x45, 0xcc, 0x8b, 0x45, 0xcc, 0x48, 0x98,
  0x48, 0x89, 0xc7, 0xe8, 0x9a, 0xf6, 0xff, 0xff, 0x48, 0x89, 0x45, 0xc0,
  0x8b, 0x45, 0xcc, 0x48, 0x98, 0x48, 0x8d, 0x50, 0xff, 0x48, 0x8b, 0x45,
  0xc0, 0x48, 0x01, 0xd0, 0xc6, 0x00, 0x00, 0x83, 0x7d, 0xd0, 0x00, 0x74,
  0x07, 0x48, 0x8b, 0x45, 0xc0, 0xc6, 0x00, 0x2d, 0x8b, 0x45, 0xd0, 0xf7,
  0xd8, 0x89, 0xc2, 0x83, 0x7d, 0xfc, 0x00, 0x0f, 0x9f, 0xc0, 0x0f, 0xb6,
  0xc0, 0x29, 0xc2, 0x8b, 0x45, 0xfc, 0x3b, 0x45, 0xe4, 0x0f, 0x94, 0xc0,
  0x0f, 0xb6, 0xc0, 0x29, 0xc2, 0x89, 0x55, 0xd4, 0xe9, 0xe0, 0x00, 0x00,
  0x00, 0x48, 0x8b, 0x4d, 0xe8, 0x48, 0xba, 0x67, 0x66, 0x66, 0x66, 0x66,
  0x66, 0x66, 0x66, 0x48, 0x89, 0xc8, 0x48, 0xf7, 0xea, 0x48, 0xc1, 0xfa,
  0x02, 0x48, 0x89, 0xc8, 0x48, 0xc1, 0xf8, 0x3f, 0x48, 0x29, 0xc2, 0x48,
  0x89, 0xd0, 0x48, 0xc1, 0xe0, 0x02, 0x48, 0x01, 0xd0, 0x48, 0x01, 0xc0,
  0x48, 0x29, 0xc1, 0x48, 0x89, 0xca, 0x89, 0xd0, 0x8d, 0x48, 0x30, 0x8b,
  0x45, 0xe4, 0x2b, 0x45, 0xd4, 0x48, 0x98, 0x48, 0x8d, 0x50, 0xff, 0x48,
  0x8b, 0x45, 0xc0, 0x48, 0x01, 0xd0, 0x89, 0xca, 0x88, 0x10, 0x8b, 0x55,
  0xd4, 0x8b, 0x45, 0xd0, 0x01, 0xc2, 0x83, 0x7d, 0xfc, 0x00, 0x0f, 0x9f,
  0xc0, 0x0f, 0xb6, 0xc0, 0x01, 0xc2, 0x8b, 0x45, 0xfc, 0x3b, 0x45, 0xe4,
  0x0f, 0x94, 0xc0, 0x0f, 0xb6, 0xc0, 0x01, 0xd0, 0x83, 0xc0, 0x01, 0x39,
  0x45, 0xfc, 0x75, 0x38, 0x83, 0x45, 0xd4, 0x01, 0x8b, 0x45, 0xe4, 0x2b,
  0x45, 0xd4, 0x48, 0x98, 0x48, 0x8d, 0x50, 0xff, 0x48, 0x8b, 0x45, 0xc0,
  0x48, 0x01, 0xd0, 0xc6, 0x00, 0x2e, 0x48, 0x8b, 0x45, 0xe8, 0x48, 0x83,
  0xc0, 0x09, 0x48, 0x83, 0xf8, 0x12, 0x77, 0x10, 0x8b, 0x45, 0xd0, 0x48,
  0x63, 0xd0, 0x48, 0x8b, 0x45, 0xc0, 0x48, 0x01, 0xd0, 0xc6, 0x00, 0x30,
  0x48, 0x8b, 0x4d, 0xe8, 0x48, 0xba, 0x67, 0x66, 0x66, 0x66, 0x66, 0x66,
  0x66, 0x66, 0x48, 0x89, 0xc8, 0x48, 0xf7, 0xea, 0x48, 0x89, 0xd0, 0x48,
  0xc1, 0xf8, 0x02, 0x48, 0xc1, 0xf9, 0x3f, 0x48, 0x89, 0xca, 0x48, 0x29,
  0xd0, 0x48, 0x89, 0x45, 0xe8, 0x83, 0x45, 0xd4, 0x01, 0x48, 0x83, 0x7d,
  0xe8, 0x00, 0x0f, 0x85, 0x15, 0xff, 0xff, 0xff, 0x48, 0x8b, 0x45, 0xc0,
  0xc9, 0xc3, 0xf3, 0x0f, 0x1e, 0xfa, 0x55, 0x48, 0x89, 0xe5, 0x48, 0x89,
  0x7d, 0xd8, 0x48, 0x89, 0x75, 0xd0, 0x48, 0x89, 0x55, 0xc8, 0x48, 0x83,
  0x7d, 0xd0, 0x00, 0x74, 0x07, 0x48, 0x83, 0x7d, 0xc8, 0x01, 0x77, 0x0a,
  0xb8, 0x00, 0x00, 0x00, 0x00, 0xe9, 0xd1, 0x00, 0x00, 0x00, 0x48, 0x8b,
  0x45, 0xc8, 0x48, 0x8d, 0x50, 0xff, 0x48, 0x8b, 0x45, 0xd0, 0x48, 0x01,
  0xd0, 0x48, 0x89, 0x45, 0xf8, 0x48, 0x8b, 0x45, 0xf8, 0xc6, 0x00, 0x00,
  0xc7, 0x45, 0xec, 0x00, 0x00, 0x00, 0x00, 0x48, 0x83, 0x7d, 0xd8, 0x00,
  0x75, 0x15, 0x48, 0x83, 0x6d, 0xf8, 0x01, 0x48, 0x8b, 0x45, 0xf8, 0xc6,
  0x00, 0x30, 0x48, 0x8b, 0x45, 0xf8, 0xe9, 0x94, 0x00, 0x00, 0x00, 0x48,
  0x8b, 0x45, 0xd8, 0x48, 0x89, 0x45, 0xf0, 0xeb, 0x59, 0x48, 0x8b, 0x4d,
  0xf0, 0x48, 0xba, 0xcd, 0xcc, 0xcc, 0xcc, 0xcc, 0xcc, 0xcc, 0xcc, 0x48,
  0x89, 0xc8, 0x48, 0xf7, 0xe2, 0x48, 0xc1, 0xea, 0x03, 0x48, 0x89, 0xd0,
  0x48, 0xc1, 0xe0, 0x02, 0x48, 0x01, 0xd0, 0x48, 0x01, 0xc0, 0x48, 0x29,
  0xc1, 0x48, 0x89, 0xca, 0x89, 0xd0, 0x83, 0xc0, 0x30, 0x48, 0x83, 0x6d,
  0xf8, 0x01, 0x89, 0xc2, 0x48, 0x8b, 0x45, 0xf8, 0x88, 0x10, 0x48, 0x8b,
  0x45, 0xf0, 0x48, 0xba, 0xcd, 0xcc, 0xcc, 0xcc, 0xcc, 0xcc, 0xcc, 0xcc,
  0x48, 0xf7, 0xe2, 0x48, 0x89, 0xd0, 0x48, 0xc1, 0xe8, 0x03, 0x48, 0x89,
  0x45, 0xf0, 0x48, 0x83, 0x7d, 0xf0, 0x00, 0x74, 0x0a, 0x48, 0x8b, 0x45,
  0xf8, 0x48, 0x39, 0x45, 0xd0, 0x72, 0x96, 0x83, 0x7d, 0xec, 0x00, 0x74,
  0x16, 0x48, 0x8b, 0x45, 0xf8, 0x48, 0x39, 0x45, 0xd0, 0x73, 0x0c, 0x48,
  0x83, 0x6d, 0xf8, 0x01, 0x48, 0x8b, 0x45, 0xf8, 0xc6, 0x00, 0x2d, 0x48,
  0x8b, 0x45, 0xf8, 0x5d, 0xc3, 0xf3, 0x0f, 0x1e, 0xfa, 0x55, 0x48, 0x89,
  0xe5, 0x48, 0x83, 0xec, 0x30, 0x48, 0x89, 0x7d, 0xd8, 0x48, 0x89, 0x75,
  0xd0, 0x48, 0x8b, 0x45, 0xd8, 0x48, 0x89, 0xc7, 0xe8, 0xfc, 0xfb, 0xff,
  0xff, 0x89, 0x45, 0xf4, 0x48, 0x8b, 0x45, 0xd0, 0x48, 0x89, 0xc7, 0xe8,
  0xed, 0xfb, 0xff, 0xff, 0x89, 0x45, 0xf0, 0x8b, 0x55, 0xf4, 0x8b, 0x45,
  0xf0, 0x01, 0xd0, 0x83, 0xc0, 0x01, 0x48, 0x98, 0x48, 0x89, 0xc7, 0xe8,
  0x16, 0xf4, 0xff, 0xff, 0x48, 0x89, 0x45, 0xe8, 0x48, 0x83, 0x7d, 0xe8,
  0x00, 0x75, 0x0a, 0xb8, 0x00, 0x00, 0x00, 0x00, 0xe9, 0x86, 0x00, 0x00,
  0x00, 0xc7, 0x45, 0xfc, 0x00, 0x00, 0x00, 0x00, 0xeb, 0x23, 0x8b, 0x45,
  0xfc, 0x48, 0x63, 0xd0, 0x48, 0x8b, 0x45, 0xd8, 0x48, 0x01, 0xd0, 0x8b,
  0x55, 0xfc, 0x48, 0x63, 0xca, 0x48, 0x8b, 0x55, 0xe8, 0x48, 0x01, 0xca,
  0x0f, 0xb6, 0x00, 0x88, 0x02, 0x83, 0x45, 0xfc, 0x01, 0x8b, 0x45, 0xfc,
  0x3b, 0x45, 0xf4, 0x7c, 0xd5, 0xc7, 0x45, 0xf8, 0x00, 0x00, 0x00, 0x00,
  0xeb, 0x28, 0x8b, 0x45, 0xf8, 0x48, 0x63, 0xd0, 0x48, 0x8b, 0x45, 0xd0,
  0x48, 0x01, 0xd0, 0x8b, 0x4d, 0xf4, 0x8b, 0x55, 0xf8, 0x01, 0xca, 0x48,
  0x63, 0xca, 0x48, 0x8b, 0x55, 0xe8, 0x48, 0x01, 0xca, 0x0f, 0xb6, 0x00,
  0x88, 0x02, 0x83, 0x45, 0xf8, 0x01, 0x8b, 0x45, 0xf8, 0x3b, 0x45, 0xf0,
  0x7c, 0xd0, 0x8b, 0x55, 0xf4, 0x8b, 0x45, 0xf0, 0x01, 0xd0, 0x48, 0x63,
  0xd0, 0x48, 0x8b, 0x45, 0xe8, 0x48, 0x01, 0xd0, 0xc6, 0x00, 0x00, 0x48,
  0x8b, 0x45, 0xe8, 0xc9, 0xc3, 0xf3, 0x0f, 0x1e, 0xfa, 0x55, 0x48, 0x89,
  0xe5, 0x48, 0x83, 0xec, 0x18, 0x48, 0x89, 0x7d, 0xe8, 0x48, 0x8b, 0x45,
  0xe8, 0x48, 0x89, 0xc7, 0xe8, 0x1c, 0xfb, 0xff, 0xff, 0x83, 0xc0, 0x01,
  0x48, 0x98, 0x48, 0x89, 0xc7, 0xe8, 0x50, 0xf3, 0xff, 0xff, 0x48, 0x89,
  0x45, 0xf8, 0x48, 0x8b, 0x45, 0xe8, 0x48, 0x89, 0xc7, 0xe8, 0xff, 0xfa,
  0xff, 0xff, 0x83, 0xc0, 0x01, 0x48, 0x63, 0xd0, 0x48, 0x8b, 0x4d, 0xe8,
  0x48, 0x8b, 0x45, 0xf8, 0x48, 0x89, 0xce, 0x48, 0x89, 0xc7, 0xe8, 0x40,
  0xfa, 0xff, 0xff, 0xc9, 0xc3, 0xf3, 0x0f, 0x1e, 0xfa, 0x55, 0x48, 0x89,
  0xe5, 0x48, 0x83, 0xec, 0x30, 0x48, 0x89, 0x7d, 0xd8, 0x89, 0x75, 0xd4,
  0x48, 0x8b, 0x45, 0xd8, 0x48, 0x8b, 0x00, 0x48, 0x89, 0xc7, 0xe8, 0x8a,
  0xff, 0xff, 0xff, 0x48, 0x89, 0x45, 0xf8, 0xc7, 0x45, 0xf4, 0x01, 0x00,
  0x00, 0x00, 0xeb, 0x42, 0x8b, 0x45, 0xf4, 0x48, 0x98, 0x48, 0x8d, 0x14,
  0xc5, 0x00, 0x00, 0x00, 0x00, 0x48, 0x8b, 0x45, 0xd8, 0x48, 0x01, 0xd0,
  0x48, 0x8b, 0x10, 0x48, 0x8b, 0x45, 0xf8, 0x48, 0x89, 0xd6, 0x48, 0x89,
  0xc7, 0xe8, 0x73, 0xfe, 0xff, 0xff, 0x48, 0x89, 0x45, 0xe8, 0x48, 0x8b,
  0x45, 0xf8, 0x48, 0x89, 0xc7, 0xe8, 0xf0, 0xf2, 0xff, 0xff, 0x48, 0x8b,
  0x45, 0xe8, 0x48, 0x89, 0x45, 0xf8, 0x83, 0x45, 0xf4, 0x01, 0x8b, 0x45,
  0xf4, 0x3b, 0x45, 0xd4, 0x7c, 0xb6, 0x48, 0x8b, 0x45, 0xf8, 0xc9, 0xc3,
  0xf3, 0x0f, 0x1e, 0xfa, 0x55, 0x48, 0x89, 0xe5, 0x48, 0x83, 0xec, 0x20,
  0x48, 0x89, 0x7d, 0xe8, 0x48, 0x89, 0x75, 0xe0, 0x48, 0x8b, 0x45, 0xe8,
  0x48, 0x89, 0xc7, 0xe8, 0x45, 0xfa, 0xff, 0xff, 0x89, 0x45, 0xf8, 0x48,
  0x8b, 0x45, 0xe0, 0x48, 0x89, 0xc7, 0xe8, 0x36, 0xfa, 0xff, 0xff, 0x39,
  0x45, 0xf8, 0x74, 0x07, 0xb8, 0x00, 0x00, 0x00, 0x00, 0xeb, 0x45, 0xc7,
  0x45, 0xfc, 0x00, 0x00, 0x00, 0x00, 0xeb, 0x2f, 0x8b, 0x45, 0xfc, 0x48,
  0x63, 0xd0, 0x48, 0x8b, 0x45, 0xe8, 0x48, 0x01, 0xd0, 0x0f, 0xb6, 0x10,
  0x8b, 0x45, 0xfc, 0x48, 0x63, 0xc8, 0x48, 0x8b, 0x45, 0xe0, 0x48, 0x01,
  0xc8, 0x0f, 0xb6, 0x00, 0x38, 0xc2, 0x74, 0x07, 0xb8, 0x00, 0x00, 0x00,
  0x00, 0xeb, 0x11, 0x83, 0x45, 0xfc, 0x01, 0x8b, 0x45, 0xfc, 0x3b, 0x45,
  0xf8, 0x7c, 0xc9, 0xb8, 0x01, 0x00, 0x00, 0x00, 0xc9, 0xc3, 0xf3, 0x0f,
  0x1e, 0xfa, 0x55, 0x48, 0x89, 0xe5, 0x48, 0x89, 0x7d, 0xf8, 0x48, 0x89,
  0x75, 0xf0, 0x48, 0x89, 0x55, 0xe8, 0xeb, 0x33, 0x48, 0x8b, 0x45, 0xf8,
  0x0f, 0xb6, 0x10, 0x48, 0x8b, 0x45, 0xf0, 0x0f, 0xb6, 0x00, 0x38, 0xc2,
  0x75, 0x0b, 0x48, 0x8b, 0x45, 0xf8, 0x0f, 0xb6, 0x00, 0x84, 0xc0, 0x75,
  0x07, 0xb8, 0x00, 0x00, 0x00, 0x00, 0xeb, 0x1b, 0x48, 0x83, 0x45, 0xf8,
  0x01, 0x48, 0x83, 0x45, 0xf0, 0x01, 0x48, 0x83, 0x6d, 0xe8, 0x01, 0x48,
  0x83, 0x7d, 0xe8, 0x00, 0x75, 0xc6, 0xb8, 0x01, 0x00, 0x00, 0x00, 0x5d,
  0xc3, 0xf3, 0x0f, 0x1e, 0xfa, 0x55, 0x48, 0x89, 0xe5, 0x48, 0x83, 0xec,
  0x20, 0x48, 0x89, 0x7d, 0xe8, 0x89, 0x75, 0xe4, 0x89, 0x55, 0xe0, 0x8b,
  0x45, 0xe0, 0x83, 0xc0, 0x01, 0x48, 0x98, 0x48, 0x89, 0xc7, 0xe8, 0xa7,
  0xf1, 0xff, 0xff, 0x48, 0x89, 0x45, 0xf0, 0xc7, 0x45, 0xfc, 0x00, 0x00,
  0x00, 0x00, 0xeb, 0x41, 0x8b, 0x55, 0xe4, 0x8b, 0x45, 0xfc, 0x01, 0xd0,
  0x48, 0x63, 0xd0, 0x48, 0x8b, 0x45, 0xe8, 0x48, 0x01, 0xd0, 0x8b, 0x55,
  0xfc, 0x48, 0x63, 0xca, 0x48, 0x8b, 0x55, 0xf0, 0x48, 0x01, 0xca, 0x0f,
  0xb6, 0x00, 0x88, 0x02, 0x8b, 0x55, 0xe4, 0x8b, 0x45, 0xfc, 0x01, 0xd0,
  0x48, 0x63, 0xd0, 0x48, 0x8b, 0x45, 0xe8, 0x48, 0x01, 0xd0, 0x0f, 0xb6,
  0x00, 0x84, 0xc0, 0x74, 0x0e, 0x83, 0x45, 0xfc, 0x01, 0x8b, 0x45, 0xfc,
  0x3b, 0x45, 0xe0, 0x7c, 0xb7, 0xeb, 0x01, 0x90, 0x8b, 0x45, 0xe0, 0x48,
  0x63, 0xd0, 0x48, 0x8b, 0x45, 0xf0, 0x48, 0x01, 0xd0, 0xc6, 0x00, 0x00,
  0x48, 0x8b, 0x45, 0xf0, 0xc9, 0xc3, 0xf3, 0x0f, 0x1e, 0xfa, 0x55, 0x48,
  0x89, 0xe5, 0x48, 0x89, 0x7d, 0xe8, 0x89, 0x75, 0xe4, 0x8b, 0x45, 0xe4,
  0x88, 0x45, 0xff, 0xeb, 0x17, 0x48, 0x8b, 0x45, 0xe8, 0x0f, 0xb6, 0x00,
  0x38, 0x45, 0xff, 0x75, 0x06, 0x48, 0x8b, 0x45, 0xe8, 0xeb, 0x21, 0x48,
  0x83, 0x45, 0xe8, 0x01, 0x48, 0x8b, 0x45, 0xe8, 0x0f, 0xb6, 0x00, 0x84,
  0xc0, 0x75, 0xde, 0x80, 0x7d, 0xff, 0x00, 0x75, 0x06, 0x48, 0x8b, 0x45,
  0xe8, 0xeb, 0x05, 0xb8, 0x00, 0x00, 0x00, 0x00, 0x5d, 0xc3, 0xf3, 0x0f,
  0x1e, 0xfa, 0x55, 0x48, 0x89, 0xe5, 0x48, 0x89, 0x7d, 0xe8, 0x89, 0xf0,
  0x88, 0x45, 0xe4, 0x48, 0xc7, 0x45, 0xf8, 0x00, 0x00, 0x00, 0x00, 0xeb,
  0x19, 0x48, 0x8b, 0x45, 0xe8, 0x0f, 0xb6, 0x00, 0x38, 0x45, 0xe4, 0x75,
  0x08, 0x48, 0x8b, 0x45, 0xe8, 0x48, 0x89, 0x45, 0xf8, 0x48, 0x83, 0x45,
  0xe8, 0x01, 0x48, 0x8b, 0x45, 0xe8, 0x0f, 0xb6, 0x00, 0x84, 0xc0, 0x75,
  0xdc, 0x48, 0x8b, 0x45, 0xf8, 0x5d, 0xc3, 0xf3, 0x0f, 0x1e, 0xfa, 0x55,
  0x48, 0x89, 0xe5, 0x53, 0x48, 0x83, 0xec, 0x48, 0x48, 0x89, 0x7d, 0xc0,
  0x89, 0xf0, 0x48, 0x89, 0x55, 0xb0, 0x88, 0x45, 0xbc, 0xc7, 0x45, 0xf4,
  0x00, 0x00, 0x00, 0x00, 0x48, 0x8b, 0x45, 0xc0, 0x48, 0x89, 0x45, 0xe8,
  0xeb, 0x3e, 0x48, 0x83, 0x45, 0xe8, 0x01, 0x48, 0x8b, 0x45, 0xe8, 0x0f,
  0xb6, 0x00, 0x38, 0x45, 0xbc, 0x74, 0xef, 0x48, 0x8b, 0x45, 0xe8, 0x0f,
  0xb6, 0x00, 0x84, 0xc0, 0x74, 0x2f, 0xeb, 0x05, 0x48, 0x83, 0x45, 0xe8,
  0x01, 0x48, 0x8b, 0x45, 0xe8, 0x0f, 0xb6, 0x00, 0x84, 0xc0, 0x74, 0x0c,
  0x48, 0x8b, 0x45, 0xe8, 0x0f, 0xb6, 0x00, 0x38, 0x45, 0xbc, 0x75, 0xe4,
  0x83, 0x45, 0xf4, 0x01, 0x48, 0x8b, 0x45, 0xe8, 0x0f, 0xb6, 0x00, 0x84,
  0xc0, 0x75, 0xbc, 0xeb, 0x01, 0x90, 0x8b, 0x45, 0xf4, 0x48, 0x98, 0x48,
  0xc1, 0xe0, 0x03, 0x48, 0x89, 0xc7, 0xe8, 0x1f, 0xf0, 0xff, 0xff, 0x48,
  0x89, 0x45, 0xd8, 0x48, 0x8b, 0x45, 0xc0, 0x48, 0x89, 0x45, 0xe8, 0xc7,
  0x45, 0xe4, 0x00, 0x00, 0x00, 0x00, 0xe9, 0xca, 0x00, 0x00, 0x00, 0x48,
  0x83, 0x45, 0xe8, 0x01, 0x48, 0x8b, 0x45, 0xe8, 0x0f, 0xb6, 0x00, 0x38,
  0x45, 0xbc, 0x74, 0xef, 0x48, 0x8b, 0x45, 0xe8, 0x0f, 0xb6, 0x00, 0x84,
  0xc0, 0x0f, 0x84, 0xbb, 0x00, 0x00, 0x00, 0x48, 0x8b, 0x45, 0xe8, 0x48,
  0x89, 0x45, 0xd0, 0xeb, 0x05, 0x48, 0x83, 0x45, 0xe8, 0x01, 0x48, 0x8b,
  0x45, 0xe8, 0x0f, 0xb6, 0x00, 0x84, 0xc0, 0x74, 0x0c, 0x48, 0x8b, 0x45,
  0xe8, 0x0f, 0xb6, 0x00, 0x38, 0x45, 0xbc, 0x75, 0xe4, 0x48, 0x8b, 0x45,
  0xe8, 0x48, 0x2b, 0x45, 0xd0, 0x48, 0x89, 0x45, 0xc8, 0x48, 0x8b, 0x45,
  0xc8, 0x48, 0x83, 0xc0, 0x01, 0x8b, 0x55, 0xe4, 0x48, 0x63, 0xd2, 0x48,
  0x8d, 0x0c, 0xd5, 0x00, 0x00, 0x00, 0x00, 0x48, 0x8b, 0x55, 0xd8, 0x48,
  0x8d, 0x1c, 0x11, 0x48, 0x89, 0xc7, 0xe8, 0x8f, 0xef, 0xff, 0xff, 0x48,
  0x89, 0x03, 0x8b, 0x45, 0xe4, 0x48, 0x98, 0x48, 0x8d, 0x14, 0xc5, 0x00,
  0x00, 0x00, 0x00, 0x48, 0x8b, 0x45, 0xd8, 0x48, 0x01, 0xd0, 0x48, 0x8b,
  0x00, 0x48, 0x8b, 0x55, 0xc8, 0x48, 0x8b, 0x4d, 0xd0, 0x48, 0x89, 0xce,
  0x48, 0x89, 0xc7, 0xe8, 0x7b, 0xf6, 0xff, 0xff, 0x8b, 0x45, 0xe4, 0x48,
  0x98, 0x48, 0x8d, 0x14, 0xc5, 0x00, 0x00, 0x00, 0x00, 0x48, 0x8b, 0x45,
  0xd8, 0x48, 0x01, 0xd0, 0x48, 0x8b, 0x10, 0x48, 0x8b, 0x45, 0xc8, 0x48,
  0x01, 0xd0, 0xc6, 0x00, 0x00, 0x83, 0x45, 0xe4, 0x01, 0x48, 0x8b, 0x45,
  0xe8, 0x0f, 0xb6, 0x00, 0x84, 0xc0, 0x0f, 0x85, 0x2c, 0xff, 0xff, 0xff,
  0xeb, 0x01, 0x90, 0x48, 0x8b, 0x45, 0xb0, 0x8b, 0x55, 0xf4, 0x89, 0x10,
  0x48, 0x8b, 0x45, 0xd8, 0x48, 0x8b, 0x5d, 0xf8, 0xc9, 0xc3, 0xf3, 0x0f,
  0x1e, 0xfa, 0x55, 0x48, 0x89, 0xe5, 0x48, 0x83, 0xec, 0x30, 0x48, 0x89,
  0x7d, 0xd8, 0x48, 0x8b, 0x45, 0xd8, 0x0f, 0xb6, 0x00, 0x3c, 0x2f, 0x75,
  0x0e, 0x48, 0x8b, 0x45, 0xd8, 0x48, 0x89, 0xc7, 0xe8, 0x78, 0xfb, 0xff,
  0xff, 0xeb, 0x2f, 0x48, 0x8d, 0x05, 0xfa, 0x2e, 0x00, 0x00, 0x48, 0x89,
  0x45, 0xe0, 0x48, 0x8d, 0x05, 0x9f, 0x17, 0x00, 0x00, 0x48, 0x89, 0x45,
  0xe8, 0x48, 0x8b, 0x45, 0xd8, 0x48, 0x89, 0x45, 0xf0, 0x48, 0x8d, 0x45,
  0xe0, 0xbe, 0x03, 0x00, 0x00, 0x00, 0x48, 0x89, 0xc7, 0xe8, 0x9b, 0xfb,
  0xff, 0xff, 0xc9, 0xc3, 0xf3, 0x0f, 0x1e, 0xfa, 0x55, 0x48, 0x89, 0xe5,
  0x48, 0x81, 0xec, 0x40, 0x02, 0x00, 0x00, 0x48, 0x89, 0xbd, 0xc8, 0xfd,
  0xff, 0xff, 0x48, 0x8b, 0x85, 0xc8, 0xfd, 0xff, 0xff, 0x48, 0x89, 0xc7,
  0xe8, 0x58, 0xf6, 0xff, 0xff, 0x89, 0x45, 0xf0, 0x83, 0x7d, 0xf0, 0x01,
  0x0f, 0x8e, 0x5c, 0x02, 0x00, 0x00, 0xc7, 0x45, 0xfc, 0x00, 0x00, 0x00,
  0x00, 0xc7, 0x45, 0xf8, 0x00, 0x00, 0x00, 0x00, 0xe9, 0x2e, 0x01, 0x00,
  0x00, 0x83, 0x45, 0xf8, 0x01, 0x8b, 0x45, 0xf8, 0x48, 0x63, 0xd0, 0x48,
  0x8b, 0x85, 0xc8, 0xfd, 0xff, 0xff, 0x48, 0x01, 0xd0, 0x0f, 0xb6, 0x00,
  0x3c, 0x2f, 0x74, 0xe5, 0x8b, 0x45, 0xf8, 0x48, 0x63, 0xd0, 0x48, 0x8b,
  0x85, 0xc8, 0xfd, 0xff, 0xff, 0x48, 0x01, 0xd0, 0x0f, 0xb6, 0x00, 0x84,
  0xc0, 0x0f, 0x84, 0x15, 0x01, 0x00, 0x00, 0x8b, 0x45, 0xf8, 0x89, 0x45,
  0xec, 0xeb, 0x04, 0x83, 0x45, 0xf8, 0x01, 0x8b, 0x45, 0xf8, 0x48, 0x63,
  0xd0, 0x48, 0x8b, 0x85, 0xc8, 0xfd, 0xff, 0xff, 0x48, 0x01, 0xd0, 0x0f,
  0xb6, 0x00, 0x3c, 0x2f, 0x74, 0x17, 0x8b, 0x45, 0xf8, 0x48, 0x63, 0xd0,
  0x48, 0x8b, 0x85, 0xc8, 0xfd, 0xff, 0xff, 0x48, 0x01, 0xd0, 0x0f, 0xb6,
  0x00, 0x84, 0xc0, 0x75, 0xce, 0x8b, 0x45, 0xf8, 0x2b, 0x45, 0xec, 0x89,
  0x45, 0xe8, 0x8b, 0x55, 0xe8, 0x8b, 0x4d, 0xec, 0x48, 0x8b, 0x85, 0xc8,
  0xfd, 0xff, 0xff, 0x89, 0xce, 0x48, 0x89, 0xc7, 0xe8, 0x1c, 0xfc, 0xff,
  0xff, 0x48, 0x89, 0x45, 0xe0, 0x48, 0x8b, 0x45, 0xe0, 0x48, 0x8d, 0x15,
  0x9e, 0x16, 0x00, 0x00, 0x48, 0x89, 0xd6, 0x48, 0x89, 0xc7, 0xe8, 0x29,
  0xfb, 0xff, 0xff, 0x84, 0xc0, 0x74, 0x2d, 0x83, 0x7d, 0xfc, 0x00, 0x7e,
  0x19, 0x83, 0x6d, 0xfc, 0x01, 0x8b, 0x45, 0xfc, 0x48, 0x98, 0x48, 0x8b,
  0x84, 0xc5, 0xd0, 0xfd, 0xff, 0xff, 0x48, 0x89, 0xc7, 0xe8, 0xdc, 0xed,
  0xff, 0xff, 0x48, 0x8b, 0x45, 0xe0, 0x48, 0x89, 0xc7, 0xe8, 0xd0, 0xed,
  0xff, 0xff, 0xeb, 0x53, 0x48, 0x8b, 0x45, 0xe0, 0x48, 0x8d, 0x15, 0x5a,
  0x16, 0x00, 0x00, 0x48, 0x89, 0xd6, 0x48, 0x89, 0xc7, 0xe8, 0xe2, 0xfa,
  0xff, 0xff, 0x84, 0xc0, 0x74, 0x0e, 0x48, 0x8b, 0x45, 0xe0, 0x48, 0x89,
  0xc7, 0xe8, 0xa8, 0xed, 0xff, 0xff, 0xeb, 0x2b, 0x83, 0x7d, 0xfc, 0x3f,
  0x7f, 0x19, 0x8b, 0x45, 0xfc, 0x8d, 0x50, 0x01, 0x89, 0x55, 0xfc, 0x48,
  0x98, 0x48, 0x8b, 0x55, 0xe0, 0x48, 0x89, 0x94, 0xc5, 0xd0, 0xfd, 0xff,
  0xff, 0xeb, 0x0c, 0x48, 0x8b, 0x45, 0xe0, 0x48, 0x89, 0xc7, 0xe8, 0x7b,
  0xed, 0xff, 0xff, 0x8b, 0x45, 0xf8, 0x48, 0x63, 0xd0, 0x48, 0x8b, 0x85,
  0xc8, 0xfd, 0xff, 0xff, 0x48, 0x01, 0xd0, 0x0f, 0xb6, 0x00, 0x84, 0xc0,
  0x0f, 0x85, 0xbb, 0xfe, 0xff, 0xff, 0xeb, 0x01, 0x90, 0x8b, 0x45, 0xf0,
  0x48, 0x63, 0xd0, 0x48, 0x8b, 0x85, 0xc8, 0xfd, 0xff, 0xff, 0xbe, 0x00,
  0x00, 0x00, 0x00, 0x48, 0x89, 0xc7, 0xe8, 0x8a, 0xf4, 0xff, 0xff, 0x48,
  0x8b, 0x85, 0xc8, 0xfd, 0xff, 0xff, 0xc6, 0x00, 0x2f, 0x48, 0x8b, 0x85,
  0xc8, 0xfd, 0xff, 0xff, 0x48, 0x83, 0xc0, 0x01, 0xc6, 0x00, 0x00, 0xc7,
  0x45, 0xf4, 0x00, 0x00, 0x00, 0x00, 0xe9, 0xb1, 0x00, 0x00, 0x00, 0x8b,
  0x45, 0xf4, 0x48, 0x98, 0x48, 0x8b, 0x94, 0xc5, 0xd0, 0xfd, 0xff, 0xff,
  0x48, 0x8b, 0x85, 0xc8, 0xfd, 0xff, 0xff, 0x48, 0x89, 0xd6, 0x48, 0x89,
  0xc7, 0xe8, 0x73, 0xf8, 0xff, 0xff, 0x48, 0x89, 0x45, 0xd8, 0x8b, 0x45,
  0xfc, 0x83, 0xe8, 0x01, 0x39, 0x45, 0xf4, 0x7d, 0x18, 0x48, 0x8b, 0x45,
  0xd8, 0x48, 0x8d, 0x15, 0x78, 0x15, 0x00, 0x00, 0x48, 0x89, 0xd6, 0x48,
  0x89, 0xc7, 0xe8, 0x4e, 0xf8, 0xff, 0xff, 0xeb, 0x04, 0x48, 0x8b, 0x45,
  0xd8, 0x48, 0x89, 0x45, 0xd0, 0x48, 0x8b, 0x45, 0xd0, 0x48, 0x89, 0xc7,
  0xe8, 0x54, 0xf4, 0xff, 0xff, 0x83, 0xc0, 0x01, 0x48, 0x63, 0xd0, 0x48,
  0x8b, 0x4d, 0xd0, 0x48, 0x8b, 0x85, 0xc8, 0xfd, 0xff, 0xff, 0x48, 0x89,
  0xce, 0x48, 0x89, 0xc7, 0xe8, 0x92, 0xf3, 0xff, 0xff, 0x48, 0x8b, 0x45,
  0xd8, 0x48, 0x89, 0xc7, 0xe8, 0x9d, 0xec, 0xff, 0xff, 0x48, 0x8b, 0x45,
  0xd0, 0x48, 0x3b, 0x45, 0xd8, 0x74, 0x0c, 0x48, 0x8b, 0x45, 0xd0, 0x48,
  0x89, 0xc7, 0xe8, 0x87, 0xec, 0xff, 0xff, 0x8b, 0x45, 0xf4, 0x48, 0x98,
  0x48, 0x8b, 0x84, 0xc5, 0xd0, 0xfd, 0xff, 0xff, 0x48, 0x89, 0xc7, 0xe8,
  0x72, 0xec, 0xff, 0xff, 0x83, 0x45, 0xf4, 0x01, 0x8b, 0x45, 0xf4, 0x3b,
  0x45, 0xfc, 0x0f, 0x8c, 0x43, 0xff, 0xff, 0xff, 0xeb, 0x01, 0x90, 0xc9,
  0xc3, 0xf3, 0x0f, 0x1e, 0xfa, 0x55, 0x48, 0x89, 0xe5, 0x48, 0x83, 0xec,
  0x30, 0x48, 0x89, 0x7d, 0xd8, 0x89, 0x75, 0xd4, 0x83, 0x7d, 0xd4, 0x00,
  0x75, 0x21, 0x48, 0x8d, 0x05, 0x1f, 0x2c, 0x00, 0x00, 0x48, 0x89, 0xc7,
  0xe8, 0x8c, 0xf8, 0xff, 0xff, 0x48, 0x89, 0x45, 0xf8, 0x48, 0x8b, 0x45,
  0xf8, 0x48, 0x89, 0xc7, 0xe8, 0x37, 0xfd, 0xff, 0xff, 0xeb, 0x3b, 0x83,
  0x7d, 0xd4, 0x01, 0x75, 0x21, 0x48, 0x8b, 0x45, 0xd8, 0x48, 0x8b, 0x00,
  0x48, 0x89, 0xc7, 0xe8, 0xc6, 0xfc, 0xff, 0xff, 0x48, 0x89, 0x45, 0xf8,
  0x48, 0x8b, 0x45, 0xf8, 0x48, 0x89, 0xc7, 0xe8, 0x10, 0xfd, 0xff, 0xff,
  0xeb, 0x14, 0x48, 0x8d, 0x05, 0x8e, 0x14, 0x00, 0x00, 0x48, 0x89, 0xc7,
  0xe8, 0x6b, 0xeb, 0xff, 0xff, 0xe9, 0xa3, 0x00, 0x00, 0x00, 0x48, 0x8d,
  0x55, 0xe0, 0x48, 0x8b, 0x45, 0xf8, 0x48, 0x89, 0xd6, 0x48, 0x89, 0xc7,
  0xe8, 0xad, 0xee, 0xff, 0xff, 0x48, 0x89, 0x45, 0xe8, 0x48, 0x83, 0x7d,
  0xe8, 0x00, 0x75, 0x1d, 0x48, 0x8d, 0x05, 0x67, 0x14, 0x00, 0x00, 0x48,
  0x89, 0xc7, 0xe8, 0x39, 0xeb, 0xff, 0xff, 0x48, 0x8b, 0x45, 0xf8, 0x48,
  0x89, 0xc7, 0xe8, 0xaf, 0xeb, 0xff, 0xff, 0xeb, 0x68, 0x48, 0xc7, 0x45,
  0xf0, 0x00, 0x00, 0x00, 0x00, 0xeb, 0x3c, 0x48, 0x8b, 0x55, 0xf0, 0x48,
  0x89, 0xd0, 0x48, 0xc1, 0xe0, 0x03, 0x48, 0x01, 0xd0, 0x48, 0xc1, 0xe0,
  0x03, 0x48, 0x89, 0xc2, 0x48, 0x8b, 0x45, 0xe8, 0x48, 0x01, 0xd0, 0x48,
  0x83, 0xc0, 0x0c, 0x48, 0x89, 0xc7, 0xe8, 0xf9, 0xea, 0xff, 0xff, 0x48,
  0x8d, 0x05, 0x28, 0x14, 0x00, 0x00, 0x48, 0x89, 0xc7, 0xe8, 0xea, 0xea,
  0xff, 0xff, 0x48, 0x83, 0x45, 0xf0, 0x01, 0x48, 0x8b, 0x45, 0xe0, 0x48,
  0x39, 0x45, 0xf0, 0x72, 0xba, 0x48, 0x8b, 0x45, 0xf8, 0x48, 0x89, 0xc7,
  0xe8, 0x51, 0xeb, 0xff, 0xff, 0x48, 0x8b, 0x45, 0xe8, 0x48, 0x89, 0xc7,
  0xe8, 0x45, 0xeb, 0xff, 0xff, 0xc9, 0xc3, 0xf3, 0x0f, 0x1e, 0xfa, 0x55,
  0x48, 0x89, 0xe5, 0x48, 0x83, 0xec, 0x20, 0x48, 0x89, 0x7d, 0xe8, 0x89,
  0x75, 0xe4, 0x83, 0x7d, 0xe4, 0x01, 0x74, 0x11, 0x48, 0x8d, 0x05, 0xd9,
  0x13, 0x00, 0x00, 0x48, 0x89, 0xc7, 0xe8, 0x99, 0xea, 0xff, 0xff, 0xeb,
  0x7d, 0x48, 0x8b, 0x45, 0xe8, 0x48, 0x8b, 0x00, 0x48, 0x89, 0xc7, 0xe8,
  0x99, 0xf2, 0xff, 0xff, 0x89, 0x45, 0xfc, 0x8b, 0x45, 0xfc, 0x83, 0xc0,
  0x02, 0x48, 0x98, 0x48, 0x89, 0xc7, 0xe8, 0xc7, 0xea, 0xff, 0xff, 0x48,
  0x89, 0x45, 0xf0, 0x8b, 0x45, 0xfc, 0x48, 0x63, 0xd0, 0x48, 0x8b, 0x45,
  0xe8, 0x48, 0x8b, 0x08, 0x48, 0x8b, 0x45, 0xf0, 0x48, 0x89, 0xce, 0x48,
  0x89, 0xc7, 0xe8, 0xc0, 0xf1, 0xff, 0xff, 0x8b, 0x45, 0xfc, 0x48, 0x63,
  0xd0, 0x48, 0x8b, 0x45, 0xf0, 0x48, 0x01, 0xd0, 0xc6, 0x00, 0x0a, 0x8b,
  0x45, 0xfc, 0x48, 0x98, 0x48, 0x8d, 0x50, 0x01, 0x48, 0x8b, 0x45, 0xf0,
  0x48, 0x01, 0xd0, 0xc6, 0x00, 0x00, 0x48, 0x8b, 0x45, 0xf0, 0x48, 0x89,
  0xc7, 0xe8, 0x26, 0xea, 0xff, 0xff, 0x48, 0x8b, 0x45, 0xf0, 0x48, 0x89,
  0xc7, 0xe8, 0x9c, 0xea, 0xff, 0xff, 0xc9, 0xc3, 0xf3, 0x0f, 0x1e, 0xfa,
  0x55, 0x48, 0x89, 0xe5, 0x48, 0x83, 0xec, 0x10, 0x48, 0x89, 0x7d, 0xf8,
  0x89, 0x75, 0xf4, 0x83, 0x7d, 0xf4, 0x00, 0x74, 0x11, 0x48, 0x8d, 0x05,
  0x46, 0x13, 0x00, 0x00, 0x48, 0x89, 0xc7, 0xe8, 0xf0, 0xe9, 0xff, 0xff,
  0xeb, 0x0a, 0xb8, 0x00, 0x00, 0x00, 0x00, 0xe8, 0x12, 0xea, 0xff, 0xff,
  0xc9, 0xc3, 0xf3, 0x0f, 0x1e, 0xfa, 0x55, 0x48, 0x89, 0xe5, 0x48, 0x83,
  0xec, 0x20, 0x48, 0x89, 0x7d, 0xe8, 0x89, 0x75, 0xe4, 0x83, 0x7d, 0xe4,
  0x01, 0x74, 0x11, 0x48, 0x8d, 0x05, 0x1e, 0x13, 0x00, 0x00, 0x48, 0x89,
  0xc7, 0xe8, 0xba, 0xe9, 0xff, 0xff, 0xeb, 0x68, 0x48, 0x8b, 0x45, 0xe8,
  0x48, 0x8b, 0x00, 0x48, 0x89, 0xc7, 0xe8, 0xe3, 0xfa, 0xff, 0xff, 0x48,
  0x89, 0x45, 0xf8, 0x48, 0x8b, 0x45, 0xf8, 0x48, 0x89, 0xc7, 0xe8, 0x2d,
  0xfb, 0xff, 0xff, 0x48, 0x8b, 0x45, 0xf8, 0x48, 0x89, 0xc7, 0xe8, 0x9e,
  0xf1, 0xff, 0xff, 0x83, 0xc0, 0x01, 0x48, 0x63, 0xd0, 0x48, 0x8b, 0x45,
  0xf8, 0x48, 0x89, 0xc6, 0x48, 0x8d, 0x05, 0xdd, 0x29, 0x00, 0x00, 0x48,
  0x89, 0xc7, 0xe8, 0xdc, 0xf0, 0xff, 0xff, 0x48, 0x8d, 0x05, 0xce, 0x29,
  0x00, 0x00, 0x48, 0x89, 0xc7, 0xe8, 0x73, 0xf1, 0xff, 0xff, 0x89, 0x05,
  0x40, 0x2a, 0x00, 0x00, 0x48, 0x8b, 0x45, 0xf8, 0x48, 0x89, 0xc7, 0xe8,
  0xd2, 0xe9, 0xff, 0xff, 0xc9, 0xc3, 0xf3, 0x0f, 0x1e, 0xfa, 0x55, 0x48,
  0x89, 0xe5, 0x48, 0x83, 0xec, 0x20, 0x48, 0x89, 0x7d, 0xe8, 0x89, 0x75,
  0xe4, 0x83, 0x7d, 0xe4, 0x01, 0x74, 0x11, 0x48, 0x8d, 0x05, 0x9c, 0x12,
  0x00, 0x00, 0x48, 0x89, 0xc7, 0xe8, 0x26, 0xe9, 0xff, 0xff, 0xeb, 0x70,
  0x48, 0x8b, 0x45, 0xe8, 0x48, 0x8b, 0x00, 0x48, 0x89, 0xc7, 0xe8, 0x4f,
  0xfa, 0xff, 0xff, 0x48, 0x89, 0x45, 0xf8, 0x48, 0x8b, 0x45, 0xf8, 0x48,
  0x89, 0xc7, 0xe8, 0x99, 0xfa, 0xff, 0xff, 0x48, 0x8b, 0x45, 0xf8, 0xba,
  0x01, 0x00, 0x00, 0x00, 0x48, 0x8d, 0x0d, 0x7c, 0x12, 0x00, 0x00, 0x48,
  0x89, 0xce, 0x48, 0x89, 0xc7, 0xe8, 0x5a, 0xeb, 0xff, 0xff, 0x48, 0x8d,
  0x05, 0x6b, 0x12, 0x00, 0x00, 0x48, 0x89, 0xc7, 0xe8, 0xdb, 0xe8, 0xff,
  0xff, 0x48, 0x8b, 0x45, 0xf8, 0x48, 0x89, 0xc7, 0xe8, 0xcf, 0xe8, 0xff,
  0xff, 0x48, 0x8d, 0x05, 0xfe, 0x11, 0x00, 0x00, 0x48, 0x89, 0xc7, 0xe8,
  0xc0, 0xe8, 0xff, 0xff, 0x48, 0x8b, 0x45, 0xf8, 0x48, 0x89, 0xc7, 0xe8,
  0x36, 0xe9, 0xff, 0xff, 0xc9, 0xc3, 0xf3, 0x0f, 0x1e, 0xfa, 0x55, 0x48,
  0x89, 0xe5, 0x48, 0x83, 0xec, 0x70, 0x48, 0x89, 0x7d, 0x98, 0x89, 0x75,
  0x94, 0x83, 0x7d, 0x94, 0x01, 0x74, 0x14, 0x48, 0x8d, 0x05, 0x24, 0x12,
  0x00, 0x00, 0x48, 0x89, 0xc7, 0xe8, 0x8a, 0xe8, 0xff, 0xff, 0xe9, 0xca,
  0x00, 0x00, 0x00, 0x48, 0x8b, 0x45, 0x98, 0x48, 0x8b, 0x00, 0x48, 0x89,
  0xc7, 0xe8, 0xb0, 0xf9, 0xff, 0xff, 0x48, 0x89, 0x45, 0xf8, 0x48, 0x8b,
  0x45, 0xf8, 0x48, 0x89, 0xc7, 0xe8, 0xfa, 0xf9, 0xff, 0xff, 0x48, 0x8d,
  0x55, 0xa0, 0x48, 0x8b, 0x45, 0xf8, 0x48, 0x89, 0xd6, 0x48, 0x89, 0xc7,
  0xe8, 0x63, 0xea, 0xff, 0xff, 0x84, 0xc0, 0x75, 0x1d, 0x48, 0x8d, 0x05,
  0xf1, 0x11, 0x00, 0x00, 0x48, 0x89, 0xc7, 0xe8, 0x40, 0xe8, 0xff, 0xff,
  0x48, 0x8b, 0x45, 0xf8, 0x48, 0x89, 0xc7, 0xe8, 0xb6, 0xe8, 0xff, 0xff,
  0xeb, 0x77, 0x48, 0x8b, 0x45, 0xa0, 0x48, 0x89, 0xc7, 0xe8, 0x78, 0xe8,
  0xff, 0xff, 0x48, 0x89, 0x45, 0xf0, 0x48, 0x8b, 0x55, 0xf0, 0x48, 0x8b,
  0x45, 0xf8, 0x48, 0x89, 0xd6, 0x48, 0x89, 0xc7, 0xe8, 0xef, 0xe9, 0xff,
  0xff, 0x84, 0xc0, 0x75, 0x1d, 0x48, 0x8d, 0x05, 0xc8, 0x11, 0x00, 0x00,
  0x48, 0x89, 0xc7, 0xe8, 0xfc, 0xe7, 0xff, 0xff, 0x48, 0x8b, 0x45, 0xf8,
  0x48, 0x89, 0xc7, 0xe8, 0x72, 0xe8, 0xff, 0xff, 0xeb, 0x33, 0x48, 0x8b,
  0x45, 0xf0, 0x48, 0x89, 0xc7, 0xe8, 0xe2, 0xe7, 0xff, 0xff, 0x48, 0x8d,
  0x05, 0x11, 0x11, 0x00, 0x00, 0x48, 0x89, 0xc7, 0xe8, 0xd3, 0xe7, 0xff,
  0xff, 0x48, 0x8b, 0x45, 0xf8, 0x48, 0x89, 0xc7, 0xe8, 0x49, 0xe8, 0xff,
  0xff, 0x48, 0x8b, 0x45, 0xf0, 0x48, 0x89, 0xc7, 0xe8, 0x3d, 0xe8, 0xff,
  0xff, 0xc9, 0xc3, 0xf3, 0x0f, 0x1e, 0xfa, 0x55, 0x48, 0x89, 0xe5, 0x48,
  0x83, 0xec, 0x20, 0x48, 0x89, 0x7d, 0xe8, 0x89, 0x75, 0xe4, 0x83, 0x7d,
  0xe4, 0x02, 0x74, 0x14, 0x48, 0x8d, 0x05, 0x7d, 0x11, 0x00, 0x00, 0x48,
  0x89, 0xc7, 0xe8, 0x91, 0xe7, 0xff, 0xff, 0xe9, 0xbe, 0x00, 0x00, 0x00,
  0x48, 0x8b, 0x45, 0xe8, 0x48, 0x8b, 0x00, 0x48, 0x89, 0xc7, 0xe8, 0xb7,
  0xf8, 0xff, 0xff, 0x48, 0x89, 0x45, 0xf8, 0x48, 0x8b, 0x45, 0xf8, 0x48,
  0x89, 0xc7, 0xe8, 0x01, 0xf9, 0xff, 0xff, 0x48, 0x8b, 0x45, 0xf8, 0x48,
  0x89, 0xc7, 0xe8, 0xa1, 0xe9, 0xff, 0xff, 0x84, 0xc0, 0x74, 0x74, 0x48,
  0x8b, 0x45, 0xe8, 0x48, 0x83, 0xc0, 0x08, 0x48, 0x8b, 0x00, 0x48, 0x89,
  0xc7, 0xe8, 0x5b, 0xef, 0xff, 0xff, 0x83, 0xc0, 0x01, 0x48, 0x63, 0xd0,
  0x48, 0x8b, 0x45, 0xe8, 0x48, 0x83, 0xc0, 0x08, 0x48, 0x8b, 0x08, 0x48,
  0x8b, 0x45, 0xf8, 0x48, 0x89, 0xce, 0x48, 0x89, 0xc7, 0xe8, 0x9a, 0xe9,
  0xff, 0xff, 0x84, 0xc0, 0x74, 0x2c, 0x48, 0x8d, 0x05, 0x23, 0x11, 0x00,
  0x00, 0x48, 0x89, 0xc7, 0xe8, 0x17, 0xe7, 0xff, 0xff, 0x48, 0x8b, 0x45,
  0xf8, 0x48, 0x89, 0xc7, 0xe8, 0x0b, 0xe7, 0xff, 0xff, 0x48, 0x8d, 0x05,
  0x3a, 0x10, 0x00, 0x00, 0x48, 0x89, 0xc7, 0xe8, 0xfc, 0xe6, 0xff, 0xff,
  0xeb, 0x20, 0x48, 0x8d, 0x05, 0x07, 0x11, 0x00, 0x00, 0x48, 0x89, 0xc7,
  0xe8, 0xeb, 0xe6, 0xff, 0xff, 0xeb, 0x0f, 0x48, 0x8d, 0x05, 0x8b, 0x10,
  0x00, 0x00, 0x48, 0x89, 0xc7, 0xe8, 0xda, 0xe6, 0xff, 0xff, 0x48, 0x8b,
  0x45, 0xf8, 0x48, 0x89, 0xc7, 0xe8, 0x50, 0xe7, 0xff, 0xff, 0xc9, 0xc3,
  0xf3, 0x0f, 0x1e, 0xfa, 0x55, 0x48, 0x89, 0xe5, 0x48, 0x83, 0xec, 0x20,
  0x48, 0x89, 0x7d, 0xe8, 0x89, 0x75, 0xe4, 0x83, 0x7d, 0xe4, 0x01, 0x74,
  0x11, 0x48, 0x8d, 0x05, 0xe0, 0x10, 0x00, 0x00, 0x48, 0x89, 0xc7, 0xe8,
  0xa4, 0xe6, 0xff, 0xff, 0xeb, 0x76, 0x48, 0x8b, 0x45, 0xe8, 0x48, 0x8b,
  0x00, 0x48, 0x89, 0xc7, 0xe8, 0xcd, 0xf7, 0xff, 0xff, 0x48, 0x89, 0x45,
  0xf8, 0x48, 0x8b, 0x45, 0xf8, 0x48, 0x89, 0xc7, 0xe8, 0x17, 0xf8, 0xff,
  0xff, 0x48, 0x8b, 0x45, 0xf8, 0x48, 0x89, 0xc7, 0xe8, 0x1a, 0xe9, 0xff,
  0xff, 0x84, 0xc0, 0x74, 0x2c, 0x48, 0x8d, 0x05, 0xb6, 0x10, 0x00, 0x00,
  0x48, 0x89, 0xc7, 0xe8, 0x64, 0xe6, 0xff, 0xff, 0x48, 0x8b, 0x45, 0xf8,
  0x48, 0x89, 0xc7, 0xe8, 0x58, 0xe6, 0xff, 0xff, 0x48, 0x8d, 0x05, 0x87,
  0x0f, 0x00, 0x00, 0x48, 0x89, 0xc7, 0xe8, 0x49, 0xe6, 0xff, 0xff, 0xeb,
  0x0f, 0x48, 0x8d, 0x05, 0xe9, 0x0f, 0x00, 0x00, 0x48, 0x89, 0xc7, 0xe8,
  0x38, 0xe6, 0xff, 0xff, 0x48, 0x8b, 0x45, 0xf8, 0x48, 0x89, 0xc7, 0xe8,
  0xae, 0xe6, 0xff, 0xff, 0xc9, 0xc3, 0xf3, 0x0f, 0x1e, 0xfa, 0x55, 0x48,
  0x89, 0xe5, 0x48, 0x83, 0xec, 0x10, 0x48, 0x89, 0x7d, 0xf8, 0x89, 0x75,
  0xf4, 0x83, 0x7d, 0xf4, 0x00, 0x74, 0x1a, 0x83, 0x7d, 0xf4, 0x01, 0x74,
  0x14, 0x48, 0x8d, 0x05, 0x58, 0x10, 0x00, 0x00, 0x48, 0x89, 0xc7, 0xe8,
  0xfc, 0xe5, 0xff, 0xff, 0xe9, 0x9d, 0x02, 0x00, 0x00, 0x83, 0x7d, 0xf4,
  0x00, 0x75, 0x14, 0x48, 0x8d, 0x05, 0x5e, 0x10, 0x00, 0x00, 0x48, 0x89,
  0xc7, 0xe8, 0xe2, 0xe5, 0xff, 0xff, 0xe9, 0x83, 0x02, 0x00, 0x00, 0x48,
  0x8b, 0x45, 0xf8, 0x48, 0x8b, 0x00, 0x48, 0x8d, 0x15, 0x91, 0x10, 0x00,
  0x00, 0x48, 0x89, 0xd6, 0x48, 0x89, 0xc7, 0xe8, 0x70, 0xf3, 0xff, 0xff,
  0x84, 0xc0, 0x74, 0x14, 0x48, 0x8d, 0x05, 0x85, 0x10, 0x00, 0x00, 0x48,
  0x89, 0xc7, 0xe8, 0xb1, 0xe5, 0xff, 0xff, 0xe9, 0x52, 0x02, 0x00, 0x00,
  0x48, 0x8b, 0x45, 0xf8, 0x48, 0x8b, 0x00, 0x48, 0x8d, 0x15, 0xad, 0x10,
  0x00, 0x00, 0x48, 0x89, 0xd6, 0x48, 0x89, 0xc7, 0xe8, 0x3f, 0xf3, 0xff,
  0xff, 0x84, 0xc0, 0x74, 0x14, 0x48, 0x8d, 0x05, 0x9c, 0x10, 0x00, 0x00,
  0x48, 0x89, 0xc7, 0xe8, 0x80, 0xe5, 0xff, 0xff, 0xe9, 0x21, 0x02, 0x00,
  0x00, 0x48, 0x8b, 0x45, 0xf8, 0x48, 0x8b, 0x00, 0x48, 0x8d, 0x15, 0xc5,
  0x10, 0x00, 0x00, 0x48, 0x89, 0xd6, 0x48, 0x89, 0xc7, 0xe8, 0x0e, 0xf3,
  0xff, 0xff, 0x84, 0xc0, 0x74, 0x14, 0x48, 0x8d, 0x05, 0xb3, 0x10, 0x00,
  0x00, 0x48, 0x89, 0xc7, 0xe8, 0x4f, 0xe5, 0xff, 0xff, 0xe9, 0xf0, 0x01,
  0x00, 0x00, 0x48, 0x8b, 0x45, 0xf8, 0x48, 0x8b, 0x00, 0x48, 0x8d, 0x15,
  0xd5, 0x10, 0x00, 0x00, 0x48, 0x89, 0xd6, 0x48, 0x89, 0xc7, 0xe8, 0xdd,
  0xf2, 0xff, 0xff, 0x84, 0xc0, 0x74, 0x14, 0x48, 0x8d, 0x05, 0xca, 0x10,
  0x00, 0x00, 0x48, 0x89, 0xc7, 0xe8, 0x1e, 0xe5, 0xff, 0xff, 0xe9, 0xbf,
  0x01, 0x00, 0x00, 0x48, 0x8b, 0x45, 0xf8, 0x48, 0x8b, 0x00, 0x48, 0x8d,
  0x15, 0xe9, 0x10, 0x00, 0x00, 0x48, 0x89, 0xd6, 0x48, 0x89, 0xc7, 0xe8,
  0xac, 0xf2, 0xff, 0xff, 0x84, 0xc0, 0x74, 0x14, 0x48, 0x8d, 0x05, 0xd9,
  0x10, 0x00, 0x00, 0x48, 0x89, 0xc7, 0xe8, 0xed, 0xe4, 0xff, 0xff, 0xe9,
  0x8e, 0x01, 0x00, 0x00, 0x48, 0x8b, 0x45, 0xf8, 0x48, 0x8b, 0x00, 0x48,
  0x8d, 0x15, 0xfb, 0x10, 0x00, 0x00, 0x48, 0x89, 0xd6, 0x48, 0x89, 0xc7,
  0xe8, 0x7b, 0xf2, 0xff, 0xff, 0x84, 0xc0, 0x74, 0x14, 0x48, 0x8d, 0x05,
  0xf0, 0x10, 0x00, 0x00, 0x48, 0x89, 0xc7, 0xe8, 0xbc, 0xe4, 0xff, 0xff,
  0xe9, 0x5d, 0x01, 0x00, 0x00, 0x48, 0x8b, 0x45, 0xf8, 0x48, 0x8b, 0x00,
  0x48, 0x8d, 0x15, 0x1e, 0x11, 0x00, 0x00, 0x48, 0x89, 0xd6, 0x48, 0x89,
  0xc7, 0xe8, 0x4a, 0xf2, 0xff, 0xff, 0x84, 0xc0, 0x74, 0x14, 0x48, 0x8d,
  0x05, 0x0f, 0x11, 0x00, 0x00, 0x48, 0x89, 0xc7, 0xe8, 0x8b, 0xe4, 0xff,
  0xff, 0xe9, 0x2c, 0x01, 0x00, 0x00, 0x48, 0x8b, 0x45, 0xf8, 0x48, 0x8b,
  0x00, 0x48, 0x8d, 0x15, 0x2a, 0x11, 0x00, 0x00, 0x48, 0x89, 0xd6, 0x48,
  0x89, 0xc7, 0xe8, 0x19, 0xf2, 0xff, 0xff, 0x84, 0xc0, 0x74, 0x14, 0x48,
  0x8d, 0x05, 0x1e, 0x11, 0x00, 0x00, 0x48, 0x89, 0xc7, 0xe8, 0x5a, 0xe4,
  0xff, 0xff, 0xe9, 0xfb, 0x00, 0x00, 0x00, 0x48, 0x8b, 0x45, 0xf8, 0x48,
  0x8b, 0x00, 0x48, 0x8d, 0x15, 0x49, 0x11, 0x00, 0x00, 0x48, 0x89, 0xd6,
  0x48, 0x89, 0xc7, 0xe8, 0xe8, 0xf1, 0xff, 0xff, 0x84, 0xc0, 0x74, 0x14,
  0x48, 0x8d, 0x05, 0x3d, 0x11, 0x00, 0x00, 0x48, 0x89, 0xc7, 0xe8, 0x29,
  0xe4, 0xff, 0xff, 0xe9, 0xca, 0x00, 0x00, 0x00, 0x48, 0x8b, 0x45, 0xf8,
  0x48, 0x8b, 0x00, 0x48, 0x8d, 0x15, 0x78, 0x11, 0x00, 0x00, 0x48, 0x89,
  0xd6, 0x48, 0x89, 0xc7, 0xe8, 0xb7, 0xf1, 0xff, 0xff, 0x84, 0xc0, 0x74,
  0x14, 0x48, 0x8d, 0x05, 0x6c, 0x11, 0x00, 0x00, 0x48, 0x89, 0xc7, 0xe8,
  0xf8, 0xe3, 0xff, 0xff, 0xe9, 0x99, 0x00, 0x00, 0x00, 0x48, 0x8b, 0x45,
  0xf8, 0x48, 0x8b, 0x00, 0x48, 0x8d, 0x15, 0x86, 0x11, 0x00, 0x00, 0x48,
  0x89, 0xd6, 0x48, 0x89, 0xc7, 0xe8, 0x86, 0xf1, 0xff, 0xff, 0x84, 0xc0,
  0x74, 0x11, 0x48, 0x8d, 0x05, 0x7b, 0x11, 0x00, 0x00, 0x48, 0x89, 0xc7,
  0xe8, 0xc7, 0xe3, 0xff, 0xff, 0xeb, 0x6b, 0x48, 0x8b, 0x45, 0xf8, 0x48,
  0x8b, 0x00, 0x48, 0x8d, 0x15, 0x9b, 0x11, 0x00, 0x00, 0x48, 0x89, 0xd6,
  0x48, 0x89, 0xc7, 0xe8, 0x58, 0xf1, 0xff, 0xff, 0x84, 0xc0, 0x74, 0x11,
  0x48, 0x8d, 0x05, 0x8d, 0x11, 0x00, 0x00, 0x48, 0x89, 0xc7, 0xe8, 0x99,
  0xe3, 0xff, 0xff, 0xeb, 0x3d, 0x48, 0x8b, 0x45, 0xf8, 0x48, 0x8b, 0x00,
  0x48, 0x8d, 0x15, 0xa9, 0x11, 0x00, 0x00, 0x48, 0x89, 0xd6, 0x48, 0x89,
  0xc7, 0xe8, 0x2a, 0xf1, 0xff, 0xff, 0x84, 0xc0, 0x74, 0x11, 0x48, 0x8d,
  0x05, 0x9f, 0x11, 0x00, 0x00, 0x48, 0x89, 0xc7, 0xe8, 0x6b, 0xe3, 0xff,
  0xff, 0xeb, 0x0f, 0x48, 0x8d, 0x05, 0xce, 0x11, 0x00, 0x00, 0x48, 0x89,
  0xc7, 0xe8, 0x5a, 0xe3, 0xff, 0xff, 0xc9, 0xc3, 0xf3, 0x0f, 0x1e, 0xfa,
  0x55, 0x48, 0x89, 0xe5, 0x48, 0x83, 0xec, 0x50, 0x48, 0x89, 0x7d, 0xb8,
  0x89, 0x75, 0xb4, 0x48, 0x8d, 0x55, 0xe0, 0x48, 0x8b, 0x45, 0xb8, 0x48,
  0x89, 0xd6, 0x48, 0x89, 0xc7, 0xe8, 0x8c, 0xe6, 0xff, 0xff, 0x48, 0x89,
  0x45, 0xf0, 0x48, 0x83, 0x7d, 0xf0, 0x00, 0x0f, 0x84, 0x2e, 0x01, 0x00,
  0x00, 0xc7, 0x45, 0xfc, 0x00, 0x00, 0x00, 0x00, 0xe9, 0x01, 0x01, 0x00,
  0x00, 0xc7, 0x45, 0xf8, 0x00, 0x00, 0x00, 0x00, 0xeb, 0x13, 0x48, 0x8d,
  0x05, 0x98, 0x11, 0x00, 0x00, 0x48, 0x89, 0xc7, 0xe8, 0xff, 0xe2, 0xff,
  0xff, 0x83, 0x45, 0xf8, 0x01, 0x8b, 0x45, 0xf8, 0x3b, 0x45, 0xb4, 0x7c,
  0xe5, 0x8b, 0x45, 0xfc, 0x48, 0x63, 0xd0, 0x48, 0x89, 0xd0, 0x48, 0xc1,
  0xe0, 0x03, 0x48, 0x01, 0xd0, 0x48, 0xc1, 0xe0, 0x03, 0x48, 0x89, 0xc2,
  0x48, 0x8b, 0x45, 0xf0, 0x48, 0x01, 0xd0, 0x48, 0x83, 0xc0, 0x0c, 0x48,
  0x89, 0xc7, 0xe8, 0xc9, 0xe2, 0xff, 0xff, 0x48, 0x8d, 0x05, 0xf8, 0x0b,
  0x00, 0x00, 0x48, 0x89, 0xc7, 0xe8, 0xba, 0xe2, 0xff, 0xff, 0x8b, 0x45,
  0xfc, 0x48, 0x63, 0xd0, 0x48, 0x89, 0xd0, 0x48, 0xc1, 0xe0, 0x03, 0x48,
  0x01, 0xd0, 0x48, 0xc1, 0xe0, 0x03, 0x48, 0x89, 0xc2, 0x48, 0x8b, 0x45,
  0xf0, 0x48, 0x01, 0xd0, 0x8b, 0x40, 0x08, 0x83, 0xf8, 0x01, 0x75, 0x7a,
  0x48, 0x8b, 0x45, 0xb8, 0x48, 0x89, 0x45, 0xc0, 0x48, 0x8d, 0x05, 0x99,
  0x0b, 0x00, 0x00, 0x48, 0x89, 0x45, 0xc8, 0x8b, 0x45, 0xfc, 0x48, 0x63,
  0xd0, 0x48, 0x89, 0xd0, 0x48, 0xc1, 0xe0, 0x03, 0x48, 0x01, 0xd0, 0x48,
  0xc1, 0xe0, 0x03, 0x48, 0x89, 0xc2, 0x48, 0x8b, 0x45, 0xf0, 0x48, 0x01,
  0xd0, 0x48, 0x83, 0xc0, 0x0c, 0x48, 0x89, 0x45, 0xd0, 0x48, 0x8d, 0x45,
  0xc0, 0xbe, 0x03, 0x00, 0x00, 0x00, 0x48, 0x89, 0xc7, 0xe8, 0x77, 0xef,
  0xff, 0xff, 0x48, 0x89, 0x45, 0xe8, 0x48, 0x8b, 0x45, 0xe8, 0x48, 0x89,
  0xc7, 0xe8, 0xce, 0xf3, 0xff, 0xff, 0x8b, 0x45, 0xb4, 0x8d, 0x50, 0x01,
  0x48, 0x8b, 0x45, 0xe8, 0x89, 0xd6, 0x48, 0x89, 0xc7, 0xe8, 0xce, 0xfe,
  0xff, 0xff, 0x48, 0x8b, 0x45, 0xe8, 0x48, 0x89, 0xc7, 0xe8, 0x9c, 0xe2,
  0xff, 0xff, 0x83, 0x45, 0xfc, 0x01, 0x8b, 0x45, 0xfc, 0x48, 0x63, 0xd0,
  0x48, 0x8b, 0x45, 0xe0, 0x48, 0x39, 0xc2, 0x0f, 0x82, 0xec, 0xfe, 0xff,
  0xff, 0x48, 0x8b, 0x45, 0xf0, 0x48, 0x89, 0xc7, 0xe8, 0x79, 0xe2, 0xff,
  0xff, 0xeb, 0x01, 0x90, 0xc9, 0xc3, 0xf3, 0x0f, 0x1e, 0xfa, 0x55, 0x48,
  0x89, 0xe5, 0x48, 0x83, 0xec, 0x20, 0x48, 0x89, 0x7d, 0xe8, 0x89, 0x75,
  0xe4, 0x83, 0x7d, 0xe4, 0x00, 0x75, 0x16, 0xbe, 0x00, 0x00, 0x00, 0x00,
  0x48, 0x8d, 0x05, 0x31, 0x22, 0x00, 0x00, 0x48, 0x89, 0xc7, 0xe8, 0x6d,
  0xfe, 0xff, 0xff, 0xeb, 0x47, 0x83, 0x7d, 0xe4, 0x01, 0x75, 0x32, 0x48,
  0x8b, 0x45, 0xe8, 0x48, 0x8b, 0x00, 0x48, 0x89, 0xc7, 0xe8, 0xe8, 0xf2,
  0xff, 0xff, 0x48, 0x89, 0x45, 0xf8, 0x48, 0x8b, 0x45, 0xf8, 0x48, 0x89,
  0xc7, 0xe8, 0x32, 0xf3, 0xff, 0xff, 0x48, 0x8b, 0x45, 0xf8, 0xbe, 0x00,
  0x00, 0x00, 0x00, 0x48, 0x89, 0xc7, 0xe8, 0x35, 0xfe, 0xff, 0xff, 0xeb,
  0x0f, 0x48, 0x8d, 0x05, 0x19, 0x10, 0x00, 0x00, 0x48, 0x89, 0xc7, 0xe8,
  0x7c, 0xe1, 0xff, 0xff, 0x90, 0xc9, 0xc3, 0xf3, 0x0f, 0x1e, 0xfa, 0x55,
  0x48, 0x89, 0xe5, 0x48, 0x83, 0xec, 0x20, 0x48, 0x89, 0x7d, 0xe8, 0x89,
  0x75, 0xe4, 0x83, 0x7d, 0xe4, 0x01, 0x74, 0x11, 0x48, 0x8d, 0x05, 0x0b,
  0x10, 0x00, 0x00, 0x48, 0x89, 0xc7, 0xe8, 0x51, 0xe1, 0xff, 0xff, 0xeb,
  0x76, 0x48, 0x8b, 0x45, 0xe8, 0x48, 0x8b, 0x00, 0x48, 0x89, 0xc7, 0xe8,
  0x7a, 0xf2, 0xff, 0xff, 0x48, 0x89, 0x45, 0xf8, 0x48, 0x8b, 0x45, 0xf8,
  0x48, 0x89, 0xc7, 0xe8, 0xc4, 0xf2, 0xff, 0xff, 0x48, 0x8b, 0x45, 0xf8,
  0x48, 0x89, 0xc7, 0xe8, 0xf4, 0xe3, 0xff, 0xff, 0x84, 0xc0, 0x74, 0x2c,
  0x48, 0x8d, 0x05, 0xe0, 0x0f, 0x00, 0x00, 0x48, 0x89, 0xc7, 0xe8, 0x11,
  0xe1, 0xff, 0xff, 0x48, 0x8b, 0x45, 0xf8, 0x48, 0x89, 0xc7, 0xe8, 0x05,
  0xe1, 0xff, 0xff, 0x48, 0x8d, 0x05, 0x34, 0x0a, 0x00, 0x00, 0x48, 0x89,
  0xc7, 0xe8, 0xf6, 0xe0, 0xff, 0xff, 0xeb, 0x0f, 0x48, 0x8d, 0x05, 0xc9,
  0x0f, 0x00, 0x00, 0x48, 0x89, 0xc7, 0xe8, 0xe5, 0xe0, 0xff, 0xff, 0x48,
  0x8b, 0x45, 0xf8, 0x48, 0x89, 0xc7, 0xe8, 0x5b, 0xe1, 0xff, 0xff, 0xc9,
  0xc3, 0xf3, 0x0f, 0x1e, 0xfa, 0x55, 0x48, 0x89, 0xe5, 0x48, 0x83, 0xec,
  0x20, 0x48, 0x89, 0x7d, 0xe8, 0x89, 0x75, 0xe4, 0x83, 0x7d, 0xe4, 0x01,
  0x74, 0x11, 0x48, 0x8d, 0x05, 0xb6, 0x0f, 0x00, 0x00, 0x48, 0x89, 0xc7,
  0xe8, 0xaf, 0xe0, 0xff, 0xff, 0xeb, 0x76, 0x48, 0x8b, 0x45, 0xe8, 0x48,
  0x8b, 0x00, 0x48, 0x89, 0xc7, 0xe8, 0xd8, 0xf1, 0xff, 0xff, 0x48, 0x89,
  0x45, 0xf8, 0x48, 0x8b, 0x45, 0xf8, 0x48, 0x89, 0xc7, 0xe8, 0x22, 0xf2,
  0xff, 0xff, 0x48, 0x8b, 0x45, 0xf8, 0x48, 0x89, 0xc7, 0xe8, 0x7f, 0xe3,
  0xff, 0xff, 0x84, 0xc0, 0x74, 0x2c, 0x48, 0x8d, 0x05, 0x8b, 0x0f, 0x00,
  0x00, 0x48, 0x89, 0xc7, 0xe8, 0x6f, 0xe0, 0xff, 0xff, 0x48, 0x8b, 0x45,
  0xf8, 0x48, 0x89, 0xc7, 0xe8, 0x63, 0xe0, 0xff, 0xff, 0x48, 0x8d, 0x05,
  0x92, 0x09, 0x00, 0x00, 0x48, 0x89, 0xc7, 0xe8, 0x54, 0xe0, 0xff, 0xff,
  0xeb, 0x0f, 0x48, 0x8d, 0x05, 0x77, 0x0f, 0x00, 0x00, 0x48, 0x89, 0xc7,
  0xe8, 0x43, 0xe0, 0xff, 0xff, 0x48, 0x8b, 0x45, 0xf8, 0x48, 0x89, 0xc7,
  0xe8, 0xb9, 0xe0, 0xff, 0xff, 0xc9, 0xc3, 0xf3, 0x0f, 0x1e, 0xfa, 0x55,
  0x48, 0x89, 0xe5, 0x48, 0x83, 0xec, 0x20, 0x48, 0x89, 0x7d, 0xe8, 0x89,
  0x75, 0xe4, 0x83, 0x7d, 0xe4, 0x02, 0x74, 0x14, 0x48, 0x8d, 0x05, 0x64,
  0x0f, 0x00, 0x00, 0x48, 0x89, 0xc7, 0xe8, 0x0d, 0xe0, 0xff, 0xff, 0xe9,
  0xc7, 0x00, 0x00, 0x00, 0x48, 0x8b, 0x45, 0xe8, 0x48, 0x8b, 0x00, 0x48,
  0x89, 0xc7, 0xe8, 0x33, 0xf1, 0xff, 0xff, 0x48, 0x89, 0x45, 0xf8, 0x48,
  0x8b, 0x45, 0xe8, 0x48, 0x83, 0xc0, 0x08, 0x48, 0x8b, 0x00, 0x48, 0x89,
  0xc7, 0xe8, 0x1c, 0xf1, 0xff, 0xff, 0x48, 0x89, 0x45, 0xf0, 0x48, 0x8b,
  0x45, 0xf8, 0x48, 0x89, 0xc7, 0xe8, 0x66, 0xf1, 0xff, 0xff, 0x48, 0x8b,
  0x45, 0xf0, 0x48, 0x89, 0xc7, 0xe8, 0x5a, 0xf1, 0xff, 0xff, 0x48, 0x8b,
  0x55, 0xf0, 0x48, 0x8b, 0x45, 0xf8, 0x48, 0x89, 0xd6, 0x48, 0x89, 0xc7,
  0xe8, 0xdd, 0xe2, 0xff, 0xff, 0x84, 0xc0, 0x74, 0x47, 0x48, 0x8d, 0x05,
  0x0e, 0x0f, 0x00, 0x00, 0x48, 0x89, 0xc7, 0xe8, 0xa0, 0xdf, 0xff, 0xff,
  0x48, 0x8b, 0x45, 0xf8, 0x48, 0x89, 0xc7, 0xe8, 0x94, 0xdf, 0xff, 0xff,
  0x48, 0x8d, 0x05, 0x05, 0x0f, 0x00, 0x00, 0x48, 0x89, 0xc7, 0xe8, 0x85,
  0xdf, 0xff, 0xff, 0x48, 0x8b, 0x45, 0xf0, 0x48, 0x89, 0xc7, 0xe8, 0x79,
  0xdf, 0xff, 0xff, 0x48, 0x8d, 0x05, 0xa8, 0x08, 0x00, 0x00, 0x48, 0x89,
  0xc7, 0xe8, 0x6a, 0xdf, 0xff, 0xff, 0xeb, 0x0f, 0x48, 0x8d, 0x05, 0xdf,
  0x0e, 0x00, 0x00, 0x48, 0x89, 0xc7, 0xe8, 0x59, 0xdf, 0xff, 0xff, 0x48,
  0x8b, 0x45, 0xf8, 0x48, 0x89, 0xc7, 0xe8, 0xcf, 0xdf, 0xff, 0xff, 0x48,
  0x8b, 0x45, 0xf0, 0x48, 0x89, 0xc7, 0xe8, 0xc3, 0xdf, 0xff, 0xff, 0xc9,
  0xc3, 0xf3, 0x0f, 0x1e, 0xfa, 0x55, 0x48, 0x89, 0xe5, 0x48, 0x83, 0xec,
  0x70, 0x48, 0x89, 0x7d, 0x98, 0x89, 0x75, 0x94, 0x83, 0x7d, 0x94, 0x01,
  0x74, 0x14, 0x48, 0x8d, 0x05, 0xb6, 0x0e, 0x00, 0x00, 0x48, 0x89, 0xc7,
  0xe8, 0x17, 0xdf, 0xff, 0xff, 0xe9, 0x36, 0x01, 0x00, 0x00, 0x48, 0x8b,
  0x45, 0x98, 0x48, 0x8b, 0x00, 0x48, 0x89, 0xc7, 0xe8, 0x3d, 0xf0, 0xff,
  0xff, 0x48, 0x89, 0x45, 0xf8, 0x48, 0x8b, 0x45, 0xf8, 0x48, 0x89, 0xc7,
  0xe8, 0x87, 0xf0, 0xff, 0xff, 0x48, 0x8d, 0x55, 0xa0, 0x48, 0x8b, 0x45,
  0xf8, 0x48, 0x89, 0xd6, 0x48, 0x89, 0xc7, 0xe8, 0xf0, 0xe0, 0xff, 0xff,
  0x84, 0xc0, 0x75, 0x20, 0x48, 0x8d, 0x05, 0x81, 0x0e, 0x00, 0x00, 0x48,
  0x89, 0xc7, 0xe8, 0xcd, 0xde, 0xff, 0xff, 0x48, 0x8b, 0x45, 0xf8, 0x48,
  0x89, 0xc7, 0xe8, 0x43, 0xdf, 0xff, 0xff, 0xe9, 0xe0, 0x00, 0x00, 0x00,
  0x48, 0x8d, 0x05, 0x82, 0x0e, 0x00, 0x00, 0x48, 0x89, 0xc7, 0xe8, 0xad,
  0xde, 0xff, 0xff, 0x48, 0x8b, 0x45, 0xf8, 0x48, 0x89, 0xc7, 0xe8, 0xa1,
  0xde, 0xff, 0xff, 0x48, 0x8d, 0x05, 0xd0, 0x07, 0x00, 0x00, 0x48, 0x89,
  0xc7, 0xe8, 0x92, 0xde, 0xff, 0xff, 0x48, 0x8d, 0x05, 0x61, 0x0e, 0x00,
  0x00, 0x48, 0x89, 0xc7, 0xe8, 0x83, 0xde, 0xff, 0xff, 0x48, 0x8b, 0x45,
  0xa0, 0x48, 0x85, 0xc0, 0x78, 0x10, 0x66, 0x0f, 0xef, 0xc9, 0xf2, 0x48,
  0x0f, 0x2a, 0xc8, 0x66, 0x48, 0x0f, 0x7e, 0xc8, 0xeb, 0x1e, 0x48, 0x89,
  0xc2, 0x48, 0xd1, 0xea, 0x83, 0xe0, 0x01, 0x48, 0x09, 0xc2, 0x66, 0x0f,
  0xef, 0xc0, 0xf2, 0x48, 0x0f, 0x2a, 0xc2, 0xf2, 0x0f, 0x58, 0xc0, 0x66,
  0x48, 0x0f, 0x7e, 0xc0, 0x66, 0x48, 0x0f, 0x6e, 0xc0, 0xe8, 0x95, 0xe6,
  0xff, 0xff, 0x48, 0x89, 0x45, 0xf0, 0x48, 0x8b, 0x45, 0xf0, 0x48, 0x89,
  0xc7, 0xe8, 0x32, 0xde, 0xff, 0xff, 0x48, 0x8d, 0x05, 0x0a, 0x0e, 0x00,
  0x00, 0x48, 0x89, 0xc7, 0xe8, 0x23, 0xde, 0xff, 0xff, 0x48, 0x8d, 0x05,
  0x03, 0x0e, 0x00, 0x00, 0x48, 0x89, 0xc7, 0xe8, 0x14, 0xde, 0xff, 0xff,
  0x8b, 0x45, 0xa8, 0x83, 0xf8, 0x01, 0x75, 0x09, 0x48, 0x8d, 0x05, 0xf5,
  0x0d, 0x00, 0x00, 0xeb, 0x07, 0x48, 0x8d, 0x05, 0xf7, 0x0d, 0x00, 0x00,
  0x48, 0x89, 0xc7, 0xe8, 0xf4, 0xdd, 0xff, 0xff, 0x48, 0x8b, 0x45, 0xf0,
  0x48, 0x89, 0xc7, 0xe8, 0x6a, 0xde, 0xff, 0xff, 0x48, 0x8b, 0x45, 0xf8,
  0x48, 0x89, 0xc7, 0xe8, 0x5e, 0xde, 0xff, 0xff, 0xc9, 0xc3, 0xf3, 0x0f,
  0x1e, 0xfa, 0x55, 0x48, 0x89, 0xe5, 0x48, 0x83, 0xec, 0x20, 0x89, 0x7d,
  0xec, 0x48, 0x89, 0x75, 0xe0, 0x89, 0x55, 0xe8, 0x83, 0x7d, 0xec, 0x0e,
  0x76, 0x11, 0x48, 0x8d, 0x05, 0xb8, 0x0d, 0x00, 0x00, 0x48, 0x89, 0xc7,
  0xe8, 0xaf, 0xdd, 0xff, 0xff, 0xeb, 0x44, 0x8b, 0x45, 0xec, 0x48, 0x8d,
  0x14, 0xc5, 0x00, 0x00, 0x00, 0x00, 0x48, 0x8d, 0x05, 0x9f, 0x1e, 0x00,
  0x00, 0x48, 0x8b, 0x04, 0x02, 0x48, 0x89, 0x45, 0xf8, 0x48, 0x83, 0x7d,
  0xf8, 0x00, 0x74, 0x14, 0x8b, 0x55, 0xe8, 0x48, 0x8b, 0x45, 0xe0, 0x48,
  0x8b, 0x4d, 0xf8, 0x89, 0xd6, 0x48, 0x89, 0xc7, 0xff, 0xd1, 0xeb, 0x0f,
  0x48, 0x8d, 0x05, 0x72, 0x0d, 0x00, 0x00, 0x48, 0x89, 0xc7, 0xe8, 0x69,
  0xdd, 0xff, 0xff, 0xc9, 0xc3, 0xf3, 0x0f, 0x1e, 0xfa, 0x55, 0x48, 0x89,
  0xe5, 0x53, 0x48, 0x83, 0xec, 0x50, 0x48, 0x89, 0x7d, 0xc0, 0x48, 0x89,
  0x75, 0xb8, 0x48, 0x89, 0x55, 0xb0, 0x48, 0x89, 0x4d, 0xa8, 0x48, 0x8b,
  0x45, 0xc0, 0x0f, 0xb6, 0x00, 0x84, 0xc0, 0x75, 0x0a, 0xb8, 0x00, 0x00,
  0x00, 0x00, 0xe9, 0x58, 0x04, 0x00, 0x00, 0xc7, 0x45, 0xf4, 0x00, 0x00,
  0x00, 0x00, 0xeb, 0x14, 0x83, 0x7d, 0xf4, 0x7f, 0x7e, 0x0a, 0xb8, 0x00,
  0x00, 0x00, 0x00, 0xe9, 0x3f, 0x04, 0x00, 0x00, 0x83, 0x45, 0xf4, 0x01,
  0x8b, 0x45, 0xf4, 0x48, 0x63, 0xd0, 0x48, 0x8b, 0x45, 0xc0, 0x48, 0x01,
  0xd0, 0x0f, 0xb6, 0x00, 0x3c, 0x20, 0x74, 0x14, 0x8b, 0x45, 0xf4, 0x48,
  0x63, 0xd0, 0x48, 0x8b, 0x45, 0xc0, 0x48, 0x01, 0xd0, 0x0f, 0xb6, 0x00,
  0x84, 0xc0, 0x75, 0xc4, 0x8b, 0x45, 0xf4, 0x48, 0x63, 0xd0, 0x48, 0x8b,
  0x45, 0xc0, 0x48, 0x8d, 0x0d, 0xa1, 0x07, 0x00, 0x00, 0x48, 0x89, 0xce,
  0x48, 0x89, 0xc7, 0xe8, 0x02, 0xeb, 0xff, 0xff, 0x85, 0xc0, 0x74, 0x0f,
  0x48, 0x8b, 0x45, 0xb8, 0xc7, 0x00, 0x01, 0x00, 0x00, 0x00, 0xe9, 0x64,
  0x02, 0x00, 0x00, 0x8b, 0x45, 0xf4, 0x48, 0x63, 0xd0, 0x48, 0x8b, 0x45,
  0xc0, 0x48, 0x8d, 0x0d, 0xbf, 0x07, 0x00, 0x00, 0x48, 0x89, 0xce, 0x48,
  0x89, 0xc7, 0xe8, 0xd3, 0xea, 0xff, 0xff, 0x85, 0xc0, 0x74, 0x0f, 0x48,
  0x8b, 0x45, 0xb8, 0xc7, 0x00, 0x02, 0x00, 0x00, 0x00, 0xe9, 0x35, 0x02,
  0x00, 0x00, 0x8b, 0x45, 0xf4, 0x48, 0x63, 0xd0, 0x48, 0x8b, 0x45, 0xc0,
  0x48, 0x8d, 0x0d, 0x9c, 0x0c, 0x00, 0x00, 0x48, 0x89, 0xce, 0x48, 0x89,
  0xc7, 0xe8, 0xa4, 0xea, 0xff, 0xff, 0x85, 0xc0, 0x74, 0x0f, 0x48, 0x8b,
  0x45, 0xb8, 0xc7, 0x00, 0x03, 0x00, 0x00, 0x00, 0xe9, 0x06, 0x02, 0x00,
  0x00, 0x8b, 0x45, 0xf4, 0x48, 0x63, 0xd0, 0x48, 0x8b, 0x45, 0xc0, 0x48,
  0x8d, 0x0d, 0xaa, 0x07, 0x00, 0x00, 0x48, 0x89, 0xce, 0x48, 0x89, 0xc7,
  0xe8, 0x75, 0xea, 0xff, 0xff, 0x85, 0xc0, 0x74, 0x0f, 0x48, 0x8b, 0x45,
  0xb8, 0xc7, 0x00, 0x04, 0x00, 0x00, 0x00, 0xe9, 0xd7, 0x01, 0x00, 0x00,
  0x8b, 0x45, 0xf4, 0x48, 0x63, 0xd0, 0x48, 0x8b, 0x45, 0xc0, 0x48, 0x8d,
  0x0d, 0xbc, 0x07, 0x00, 0x00, 0x48, 0x89, 0xce, 0x48, 0x89, 0xc7, 0xe8,
  0x46, 0xea, 0xff, 0xff, 0x85, 0xc0, 0x74, 0x0f, 0x48, 0x8b, 0x45, 0xb8,
  0xc7, 0x00, 0x05, 0x00, 0x00, 0x00, 0xe9, 0xa8, 0x01, 0x00, 0x00, 0x8b,
  0x45, 0xf4, 0x48, 0x63, 0xd0, 0x48, 0x8b, 0x45, 0xc0, 0x48, 0x8d, 0x0d,
  0xd2, 0x07, 0x00, 0x00, 0x48, 0x89, 0xce, 0x48, 0x89, 0xc7, 0xe8, 0x17,
  0xea, 0xff, 0xff, 0x85, 0xc0, 0x74, 0x0f, 0x48, 0x8b, 0x45, 0xb8, 0xc7,
  0x00, 0x06, 0x00, 0x00, 0x00, 0xe9, 0x79, 0x01, 0x00, 0x00, 0x8b, 0x45,
  0xf4, 0x48, 0x63, 0xd0, 0x48, 0x8b, 0x45, 0xc0, 0x48, 0x8d, 0x0d, 0xe6,
  0x07, 0x00, 0x00, 0x48, 0x89, 0xce, 0x48, 0x89, 0xc7, 0xe8, 0xe8, 0xe9,
  0xff, 0xff, 0x85, 0xc0, 0x74, 0x0f, 0x48, 0x8b, 0x45, 0xb8, 0xc7, 0x00,
  0x07, 0x00, 0x00, 0x00, 0xe9, 0x4a, 0x01, 0x00, 0x00, 0x8b, 0x45, 0xf4,
  0x48, 0x63, 0xd0, 0x48, 0x8b, 0x45, 0xc0, 0x48, 0x8d, 0x0d, 0x0b, 0x08,
  0x00, 0x00, 0x48, 0x89, 0xce, 0x48, 0x89, 0xc7, 0xe8, 0xb9, 0xe9, 0xff,
  0xff, 0x85, 0xc0, 0x74, 0x0f, 0x48, 0x8b, 0x45, 0xb8, 0xc7, 0x00, 0x08,
  0x00, 0x00, 0x00, 0xe9, 0x1b, 0x01, 0x00, 0x00, 0x8b, 0x45, 0xf4, 0x48,
  0x63, 0xd0, 0x48, 0x8b, 0x45, 0xc0, 0x48, 0x8d, 0x0d, 0x19, 0x08, 0x00,
  0x00, 0x48, 0x89, 0xce, 0x48, 0x89, 0xc7, 0xe8, 0x8a, 0xe9, 0xff, 0xff,
  0x85, 0xc0, 0x74, 0x0f, 0x48, 0x8b, 0x45, 0xb8, 0xc7, 0x00, 0x09, 0x00,
  0x00, 0x00, 0xe9, 0xec, 0x00, 0x00, 0x00, 0x8b, 0x45, 0xf4, 0x48, 0x63,
  0xd0, 0x48, 0x8b, 0x45, 0xc0, 0x48, 0x8d, 0x0d, 0x3a, 0x08, 0x00, 0x00,
  0x48, 0x89, 0xce, 0x48, 0x89, 0xc7, 0xe8, 0x5b, 0xe9, 0xff, 0xff, 0x85,
  0xc0, 0x74, 0x0f, 0x48, 0x8b, 0x45, 0xb8, 0xc7, 0x00, 0x0a, 0x00, 0x00,
  0x00, 0xe9, 0xbd, 0x00, 0x00, 0x00, 0x8b, 0x45, 0xf4, 0x48, 0x63, 0xd0,
  0x48, 0x8b, 0x45, 0xc0, 0x48, 0x8d, 0x0d, 0x6b, 0x08, 0x00, 0x00, 0x48,
  0x89, 0xce, 0x48, 0x89, 0xc7, 0xe8, 0x2c, 0xe9, 0xff, 0xff, 0x85, 0xc0,
  0x74, 0x0f, 0x48, 0x8b, 0x45, 0xb8, 0xc7, 0x00, 0x0b, 0x00, 0x00, 0x00,
  0xe9, 0x8e, 0x00, 0x00, 0x00, 0x8b, 0x45, 0xf4, 0x48, 0x63, 0xd0, 0x48,
  0x8b, 0x45, 0xc0, 0x48, 0x8d, 0x0d, 0x7b, 0x08, 0x00, 0x00, 0x48, 0x89,
  0xce, 0x48, 0x89, 0xc7, 0xe8, 0xfd, 0xe8, 0xff, 0xff, 0x85, 0xc0, 0x74,
  0x0c, 0x48, 0x8b, 0x45, 0xb8, 0xc7, 0x00, 0x0c, 0x00, 0x00, 0x00, 0xeb,
  0x62, 0x8b, 0x45, 0xf4, 0x48, 0x63, 0xd0, 0x48, 0x8b, 0x45, 0xc0, 0x48,
  0x8d, 0x0d, 0x92, 0x08, 0x00, 0x00, 0x48, 0x89, 0xce, 0x48, 0x89, 0xc7,
  0xe8, 0xd1, 0xe8, 0xff, 0xff, 0x85, 0xc0, 0x74, 0x0c, 0x48, 0x8b, 0x45,
  0xb8, 0xc7, 0x00, 0x0d, 0x00, 0x00, 0x00, 0xeb, 0x36, 0x8b, 0x45, 0xf4,
  0x48, 0x63, 0xd0, 0x48, 0x8b, 0x45, 0xc0, 0x48, 0x8d, 0x0d, 0xa2, 0x08,
  0x00, 0x00, 0x48, 0x89, 0xce, 0x48, 0x89, 0xc7, 0xe8, 0xa5, 0xe8, 0xff,
  0xff, 0x85, 0xc0, 0x74, 0x0c, 0x48, 0x8b, 0x45, 0xb8, 0xc7, 0x00, 0x0e,
  0x00, 0x00, 0x00, 0xeb, 0x0a, 0x48, 0x8b, 0x45, 0xb8, 0xc7, 0x00, 0x00,
  0x00, 0x00, 0x00, 0xc7, 0x45, 0xf0, 0x0a, 0x00, 0x00, 0x00, 0x8b, 0x45,
  0xf0, 0x48, 0xc1, 0xe0, 0x03, 0x48, 0x89, 0xc7, 0xe8, 0x99, 0xda, 0xff,
  0xff, 0x48, 0x89, 0x45, 0xe8, 0xc7, 0x45, 0xe4, 0x00, 0x00, 0x00, 0x00,
  0x8b, 0x45, 0xf4, 0x83, 0xc0, 0x01, 0x89, 0x45, 0xe0, 0x8b, 0x45, 0xe0,
  0x48, 0x63, 0xd0, 0x48, 0x8b, 0x45, 0xc0, 0x48, 0x01, 0xd0, 0x0f, 0xb6,
  0x00, 0x84, 0xc0, 0x74, 0x06, 0x83, 0x7d, 0xe0, 0x7f, 0x7e, 0x07, 0xb8,
  0x01, 0x00, 0x00, 0x00, 0xeb, 0x05, 0xb8, 0x00, 0x00, 0x00, 0x00, 0x88,
  0x45, 0xdf, 0xe9, 0x05, 0x01, 0x00, 0x00, 0xc7, 0x45, 0xd8, 0x00, 0x00,
  0x00, 0x00, 0xeb, 0x30, 0x8b, 0x55, 0xe0, 0x8b, 0x45, 0xd8, 0x01, 0xd0,
  0x48, 0x63, 0xd0, 0x48, 0x8b, 0x45, 0xc0, 0x48, 0x01, 0xd0, 0x0f, 0xb6,
  0x00, 0x84, 0xc0, 0x74, 0x0d, 0x8b, 0x55, 0xe0, 0x8b, 0x45, 0xd8, 0x01,
  0xd0, 0x83, 0xf8, 0x7f, 0x7e, 0x06, 0xc6, 0x45, 0xdf, 0x01, 0xeb, 0x1d,
  0x83, 0x45, 0xd8, 0x01, 0x8b, 0x55, 0xe0, 0x8b, 0x45, 0xd8, 0x01, 0xd0,
  0x48, 0x63, 0xd0, 0x48, 0x8b, 0x45, 0xc0, 0x48, 0x01, 0xd0, 0x0f, 0xb6,
  0x00, 0x3c, 0x20, 0x75, 0xb7, 0x8b, 0x45, 0xf0, 0xd1, 0xe8, 0x3b, 0x45,
  0xe4, 0x73, 0x6e, 0xd1, 0x65, 0xf0, 0x8b, 0x45, 0xf0, 0x48, 0xc1, 0xe0,
  0x03, 0x48, 0x89, 0xc7, 0xe8, 0xe9, 0xd9, 0xff, 0xff, 0x48, 0x89, 0x45,
  0xc8, 0xc7, 0x45, 0xd4, 0x00, 0x00, 0x00, 0x00, 0xeb, 0x33, 0x8b, 0x45,
  0xd4, 0x48, 0x98, 0x48, 0x8d, 0x14, 0xc5, 0x00, 0x00, 0x00, 0x00, 0x48,
  0x8b, 0x45, 0xe8, 0x48, 0x01, 0xd0, 0x8b, 0x55, 0xd4, 0x48, 0x63, 0xd2,
  0x48, 0x8d, 0x0c, 0xd5, 0x00, 0x00, 0x00, 0x00, 0x48, 0x8b, 0x55, 0xc8,
  0x48, 0x01, 0xca, 0x48, 0x8b, 0x00, 0x48, 0x89, 0x02, 0x83, 0x45, 0xd4,
  0x01, 0x8b, 0x45, 0xd4, 0x3b, 0x45, 0xe4, 0x72, 0xc5, 0x48, 0x8b, 0x45,
  0xe8, 0x48, 0x89, 0xc7, 0xe8, 0xc5, 0xd9, 0xff, 0xff, 0x48, 0x8b, 0x45,
  0xc8, 0x48, 0x89, 0x45, 0xe8, 0x8b, 0x45, 0xe4, 0x8d, 0x50, 0x01, 0x89,
  0x55, 0xe4, 0x89, 0xc0, 0x48, 0x8d, 0x14, 0xc5, 0x00, 0x00, 0x00, 0x00,
  0x48, 0x8b, 0x45, 0xe8, 0x48, 0x8d, 0x1c, 0x02, 0x8b, 0x55, 0xd8, 0x8b,
  0x4d, 0xe0, 0x48, 0x8b, 0x45, 0xc0, 0x89, 0xce, 0x48, 0x89, 0xc7, 0xe8,
  0x91, 0xe7, 0xff, 0xff, 0x48, 0x89, 0x03, 0x8b, 0x45, 0xd8, 0x83, 0xc0,
  0x01, 0x01, 0x45, 0xe0, 0x80, 0x7d, 0xdf, 0x00, 0x0f, 0x84, 0xf1, 0xfe,
  0xff, 0xff, 0x48, 0x8b, 0x45, 0xb0, 0x48, 0x8b, 0x55, 0xe8, 0x48, 0x89,
  0x10, 0x8b, 0x55, 0xe4, 0x48, 0x8b, 0x45, 0xa8, 0x89, 0x10, 0xb8, 0x01,
  0x00, 0x00, 0x00, 0x48, 0x8b, 0x5d, 0xf8, 0xc9, 0xc3, 0xf3, 0x0f, 0x1e,
  0xfa, 0x55, 0x48, 0x89, 0xe5, 0x48, 0x83, 0xec, 0x20, 0x66, 0xc7, 0x45,
  0xfe, 0x00, 0x00, 0xbf, 0x80, 0x00, 0x00, 0x00, 0xe8, 0x0d, 0xd9, 0xff,
  0xff, 0x48, 0x89, 0x45, 0xf0, 0x48, 0x8b, 0x45, 0xf0, 0xba, 0x80, 0x00,
  0x00, 0x00, 0xbe, 0x00, 0x00, 0x00, 0x00, 0x48, 0x89, 0xc7, 0xe8, 0x6a,
  0xe0, 0xff, 0xff, 0xc7, 0x45, 0xf8, 0x00, 0x00, 0x00, 0x00, 0xe9, 0xa9,
  0x00, 0x00, 0x00, 0xb8, 0x00, 0x00, 0x00, 0x00, 0xe8, 0xbb, 0xd9, 0xff,
  0xff, 0x66, 0x89, 0x45, 0xfe, 0x0f, 0xb7, 0x45, 0xfe, 0x89, 0xc7, 0xe8,
  0xea, 0xd9, 0xff, 0xff, 0x84, 0xc0, 0x0f, 0x84, 0x88, 0x00, 0x00, 0x00,
  0x0f, 0xb7, 0x45, 0xfe, 0x48, 0x98, 0x48, 0x8d, 0x15, 0x2b, 0x18, 0x00,
  0x00, 0x0f, 0xb6, 0x04, 0x10, 0x88, 0x45, 0xef, 0x80, 0x7d, 0xef, 0x08,
  0x75, 0x06, 0x83, 0x7d, 0xf8, 0x00, 0x7e, 0x67, 0x80, 0x7d, 0xef, 0x1f,
  0x7e, 0x21, 0x80, 0x7d, 0xef, 0x7f, 0x74, 0x1b, 0x8b, 0x45, 0xf8, 0x8d,
  0x50, 0x01, 0x89, 0x55, 0xf8, 0x48, 0x63, 0xd0, 0x48, 0x8b, 0x45, 0xf0,
  0x48, 0x01, 0xc2, 0x0f, 0xb6, 0x45, 0xef, 0x88, 0x02, 0xeb, 0x1a, 0x80,
  0x7d, 0xef, 0x08, 0x75, 0x14, 0x83, 0x6d, 0xf8, 0x01, 0x8b, 0x45, 0xf8,
  0x48, 0x63, 0xd0, 0x48, 0x8b, 0x45, 0xf0, 0x48, 0x01, 0xd0, 0xc6, 0x00,
  0x00, 0x0f, 0xb6, 0x45, 0xef, 0x88, 0x45, 0xed, 0xc6, 0x45, 0xee, 0x00,
  0x48, 0x8d, 0x45, 0xed, 0x48, 0x89, 0xc7, 0xe8, 0xfc, 0xd7, 0xff, 0xff,
  0x83, 0x7d, 0xf8, 0x7f, 0x7e, 0x0a, 0xc7, 0x45, 0xf8, 0x00, 0x00, 0x00,
  0x00, 0xeb, 0x01, 0x90, 0x66, 0x83, 0x7d, 0xfe, 0x1c, 0x0f, 0x85, 0x4c,
  0xff, 0xff, 0xff, 0x48, 0x8b, 0x45, 0xf0, 0xc9, 0xc3, 0xf3, 0x0f, 0x1e,
  0xfa, 0x55, 0x48, 0x89, 0xe5, 0x48, 0x83, 0xec, 0x30, 0x48, 0x8d, 0x05,
  0xe9, 0x07, 0x00, 0x00, 0x48, 0x89, 0xc6, 0x48, 0x8d, 0x05, 0x22, 0x18,
  0x00, 0x00, 0x48, 0x89, 0xc7, 0xe8, 0xab, 0xe3, 0xff, 0xff, 0x48, 0x89,
  0x45, 0xf0, 0x48, 0x8b, 0x45, 0xf0, 0x48, 0x89, 0xc7, 0xe8, 0xa6, 0xd7,
  0xff, 0xff, 0x48, 0x8b, 0x45, 0xf0, 0x48, 0x89, 0xc7, 0xe8, 0x1c, 0xd8,
  0xff, 0xff, 0xb8, 0x00, 0x00, 0x00, 0x00, 0xe8, 0xb9, 0xfe, 0xff, 0xff,
  0x48, 0x89, 0x45, 0xe8, 0x48, 0x8d, 0x4d, 0xd4, 0x48, 0x8d, 0x55, 0xd8,
  0x48, 0x8d, 0x75, 0xe0, 0x48, 0x8b, 0x45, 0xe8, 0x48, 0x89, 0xc7, 0xe8,
  0x0d, 0xfa, 0xff, 0xff, 0x88, 0x45, 0xe7, 0x48, 0x8b, 0x45, 0xe8, 0x48,
  0x89, 0xc7, 0xe8, 0xe7, 0xd7, 0xff, 0xff, 0x80, 0x7d, 0xe7, 0x00, 0x74,
  0x90, 0x8b, 0x55, 0xd4, 0x48, 0x8b, 0x4d, 0xd8, 0x8b, 0x45, 0xe0, 0x48,
  0x89, 0xce, 0x89, 0xc7, 0xe8, 0x71, 0xf9, 0xff, 0xff, 0xc7, 0x45, 0xfc,
  0x00, 0x00, 0x00, 0x00, 0xeb, 0x20, 0x48, 0x8b, 0x45, 0xd8, 0x8b, 0x55,
  0xfc, 0x48, 0x63, 0xd2, 0x48, 0xc1, 0xe2, 0x03, 0x48, 0x01, 0xd0, 0x48,
  0x8b, 0x00, 0x48, 0x89, 0xc7, 0xe8, 0xa8, 0xd7, 0xff, 0xff, 0x83, 0x45,
  0xfc, 0x01, 0x8b, 0x45, 0xd4, 0x39, 0x45, 0xfc, 0x7c, 0xd8, 0x48, 0x8b,
  0x45, 0xd8, 0x48, 0x89, 0xc7, 0xe8, 0x90, 0xd7, 0xff, 0xff, 0xe9, 0x3a,
  0xff, 0xff, 0xff, 0x66, 0x2e, 0x0f, 0x1f, 0x84, 0x00, 0x00, 0x00, 0x00,
  0x00, 0x0f, 0x1f, 0x00, 0xe8, 0x1c, 0xff, 0xff, 0xff, 0xb8, 0x00, 0x00,
  0x00, 0x00, 0xcd, 0x80, 0x00, 0x00, 0x00, 0x00, 0x2f, 0x00, 0x2e, 0x2e,
  0x00, 0x2e, 0x00, 0x55, 0x73, 0x61, 0x67, 0x65, 0x3a, 0x20, 0x6c, 0x73,
  0x0a, 0x00, 0x4e, 0x6f, 0x20, 0x66, 0x69, 0x6c, 0x65, 0x73, 0x20, 0x66,
  0x6f, 0x75, 0x6e, 0x64, 0x0a, 0x00, 0x0a, 0x00, 0x55, 0x73, 0x61, 0x67,
  0x65, 0x3a, 0x20, 0x65, 0x63, 0x68, 0x6f, 0x20, 0x3c, 0x73, 0x74, 0x72,
  0x69, 0x6e, 0x67, 0x3e, 0x0a, 0x00, 0x55, 0x73, 0x61, 0x67, 0x65, 0x3a,
  0x20, 0x63, 0x6c, 0x65, 0x61, 0x72, 0x0a, 0x00, 0x55, 0x73, 0x61, 0x67,
  0x65, 0x3a, 0x20, 0x63, 0x64, 0x20, 0x3c, 0x70, 0x61, 0x74, 0x68, 0x3e,
  0x0a, 0x00, 0x55, 0x73, 0x61, 0x67, 0x65, 0x3a, 0x20, 0x74, 0x6f, 0x75,
  0x63, 0x68, 0x20, 0x3c, 0x66, 0x69, 0x6c, 0x65, 0x6e, 0x61, 0x6d, 0x65,
  0x3e, 0x0a, 0x00, 0x00, 0x43, 0x72, 0x65, 0x61, 0x74, 0x65, 0x64, 0x3a,
  0x20, 0x00, 0x55, 0x73, 0x61, 0x67, 0x65, 0x3a, 0x20, 0x63, 0x61, 0x74,
  0x20, 0x3c, 0x66, 0x69, 0x6c, 0x65, 0x6e, 0x61, 0x6d, 0x65, 0x3e, 0x0a,
  0x00, 0x45, 0x72, 0x72, 0x6f, 0x72, 0x3a, 0x20, 0x46, 0x69, 0x6c, 0x65,
  0x20, 0x64, 0x6f, 0x65, 0x73, 0x6e, 0x27, 0x74, 0x20, 0x65, 0x78, 0x69,
  0x73, 0x74, 0x0a, 0x00, 0x45, 0x72, 0x72, 0x6f, 0x72, 0x3a, 0x20, 0x46,
  0x61, 0x69, 0x6c, 0x65, 0x64, 0x20, 0x74, 0x6f, 0x20, 0x72, 0x65, 0x61,
  0x64, 0x20, 0x66, 0x69, 0x6c, 0x65, 0x0a, 0x00, 0x00, 0x00, 0x00, 0x00,
  0x55, 0x73, 0x61, 0x67, 0x65, 0x3a, 0x20, 0x77, 0x72, 0x69, 0x74, 0x65,
  0x20, 0x3c, 0x66, 0x69, 0x6c, 0x65, 0x6e, 0x61, 0x6d, 0x65, 0x3e, 0x20,
  0x3c, 0x64, 0x61, 0x74, 0x61, 0x3e, 0x0a, 0x00, 0x57, 0x72, 0x6f, 0x74,
  0x65, 0x20, 0x64, 0x61, 0x74, 0x61, 0x20, 0x74, 0x6f, 0x3a, 0x20, 0x00,
  0x45, 0x72, 0x72, 0x6f, 0x72, 0x3a, 0x20, 0x46, 0x61, 0x69, 0x6c, 0x65,
  0x64, 0x20, 0x74, 0x6f, 0x20, 0x77, 0x72, 0x69, 0x74, 0x65, 0x20, 0x74,
  0x6f, 0x20, 0x66, 0x69, 0x6c, 0x65, 0x0a, 0x00, 0x55, 0x73, 0x61, 0x67,
  0x65, 0x3a, 0x20, 0x72, 0x6d, 0x20, 0x3c, 0x66, 0x69, 0x6c, 0x65, 0x6e,
  0x61, 0x6d, 0x65, 0x3e, 0x0a, 0x00, 0x44, 0x65, 0x6c, 0x65, 0x74, 0x65,
  0x64, 0x3a, 0x20, 0x00, 0x55, 0x73, 0x61, 0x67, 0x65, 0x3a, 0x20, 0x6d,
  0x61, 0x6e, 0x20, 0x6f, 0x72, 0x20, 0x6d, 0x61, 0x6e, 0x20, 0x3c, 0x63,
  0x6f, 0x6d, 0x6d, 0x61, 0x6e, 0x64, 0x3e, 0x0a, 0x00, 0x00, 0x00, 0x00,
  0x4c, 0x69, 0x73, 0x74, 0x20, 0x6f, 0x66, 0x20, 0x63, 0x6f, 0x6d, 0x6d,
  0x61, 0x6e, 0x64, 0x73, 0x3a, 0x0a, 0x6c, 0x73, 0x20, 0x65, 0x63, 0x68,
  0x6f, 0x20, 0x63, 0x64, 0x20, 0x74, 0x6f, 0x75, 0x63, 0x68, 0x20, 0x63,
  0x61, 0x74, 0x20, 0x77, 0x72, 0x69, 0x74, 0x65, 0x20, 0x72, 0x6d, 0x20,
  0x6d, 0x61, 0x6e, 0x20, 0x66, 0x69, 0x6e, 0x64, 0x20, 0x6d, 0x6b, 0x64,
  0x69, 0x72, 0x20, 0x72, 0x6d, 0x64, 0x69, 0x72, 0x20, 0x6d, 0x76, 0x20,
  0x73, 0x74, 0x61, 0x74, 0x0a, 0x00, 0x6c, 0x73, 0x00, 0x00, 0x00, 0x00,
  0x00, 0x00, 0x00, 0x00, 0x6c, 0x73, 0x20, 0x2d, 0x20, 0x70, 0x72, 0x69,
  0x6e, 0x74, 0x73, 0x20, 0x61, 0x6c, 0x6c, 0x20, 0x66, 0x69, 0x6c, 0x65,
  0x73, 0x20, 0x61, 0x6e, 0x64, 0x20, 0x66, 0x6f, 0x6c, 0x64, 0x65, 0x72,
  0x73, 0x20, 0x69, 0x6e, 0x73, 0x69, 0x64, 0x65, 0x20, 0x6f, 0x66, 0x20,
  0x77, 0x6f, 0x72, 0x6b, 0x69, 0x6e, 0x67, 0x20, 0x64, 0x69, 0x72, 0x0a,
  0x55, 0x73, 0x61, 0x67, 0x65, 0x3a, 0x20, 0x6c, 0x73, 0x0a, 0x00, 0x65,
  0x63, 0x68, 0x6f, 0x00, 0x65, 0x63, 0x68, 0x6f, 0x20, 0x2d, 0x20, 0x70,
  0x72, 0x69, 0x6e, 0x74, 0x73, 0x20, 0x74, 0x68, 0x65, 0x20, 0x70, 0x72,
  0x6f, 0x76, 0x69, 0x64, 0x65, 0x64, 0x20, 0x74, 0x65, 0x78, 0x74, 0x20,
  0x74, 0x6f, 0x20, 0x74, 0x68, 0x65, 0x20, 0x73, 0x63, 0x72, 0x65, 0x65,
  0x6e, 0x0a, 0x55, 0x73, 0x61, 0x67, 0x65, 0x3a, 0x20, 0x65, 0x63, 0x68,
  0x6f, 0x20, 0x3c, 0x73, 0x74, 0x72, 0x69, 0x6e, 0x67, 0x3e, 0x0a, 0x00,
  0x63, 0x64, 0x00, 0x00, 0x63, 0x64, 0x20, 0x2d, 0x20, 0x63, 0x68, 0x61,
  0x6e, 0x67, 0x65, 0x73, 0x20, 0x74, 0x68, 0x65, 0x20, 0x63, 0x75, 0x72,
  0x72, 0x65, 0x6e, 0x74, 0x20, 0x77, 0x6f, 0x72, 0x6b, 0x69, 0x6e, 0x67,
  0x20, 0x64, 0x69, 0x72, 0x65, 0x63, 0x74, 0x6f, 0x72, 0x79, 0x0a, 0x55,
  0x73, 0x61, 0x67, 0x65, 0x3a, 0x20, 0x63, 0x64, 0x20, 0x3c, 0x70, 0x61,
  0x74, 0x68, 0x3e, 0x0a, 0x00, 0x74, 0x6f, 0x75, 0x63, 0x68, 0x00, 0x00,
  0x00, 0x00, 0x00, 0x00, 0x74, 0x6f, 0x75, 0x63, 0x68, 0x20, 0x2d, 0x20,
  0x63, 0x72, 0x65, 0x61, 0x74, 0x65, 0x73, 0x20, 0x61, 0x20, 0x6e, 0x65,
  0x77, 0x20, 0x65, 0x6d, 0x70, 0x74, 0x79, 0x20, 0x66, 0x69, 0x6c, 0x65,
  0x0a, 0x55, 0x73, 0x61, 0x67, 0x65, 0x3a, 0x20, 0x74, 0x6f, 0x75, 0x63,
  0x68, 0x20, 0x3c, 0x66, 0x69, 0x6c, 0x65, 0x6e, 0x61, 0x6d, 0x65, 0x3e,
  0x0a, 0x00, 0x63, 0x61, 0x74, 0x00, 0x00, 0x00, 0x63, 0x61, 0x74, 0x20,
  0x2d, 0x20, 0x64, 0x69, 0x73, 0x70, 0x6c, 0x61, 0x79, 0x73, 0x20, 0x74,
  0x68, 0x65, 0x20, 0x63, 0x6f, 0x6e, 0x74, 0x65, 0x6e, 0x74, 0x73, 0x20,
  0x6f, 0x66, 0x20, 0x61, 0x20, 0x66, 0x69, 0x6c, 0x65, 0x0a, 0x55, 0x73,
  0x61, 0x67, 0x65, 0x3a, 0x20, 0x63, 0x61, 0x74, 0x20, 0x3c, 0x66, 0x69,
  0x6c, 0x65, 0x6e, 0x61, 0x6d, 0x65, 0x3e, 0x0a, 0x00, 0x77, 0x72, 0x69,
  0x74, 0x65, 0x00, 0x00, 0x00, 0x00, 0x00, 0x00, 0x77, 0x72, 0x69, 0x74,
  0x65, 0x20, 0x2d, 0x20, 0x6f, 0x76, 0x65, 0x72, 0x77, 0x72, 0x69, 0x74,
  0x65, 0x73, 0x20, 0x61, 0x20, 0x66, 0x69, 0x6c, 0x65, 0x20, 0x77, 0x69,
  0x74, 0x68, 0x20, 0x70, 0x72, 0x6f, 0x76, 0x69, 0x64, 0x65, 0x64, 0x20,
  0x74, 0x65, 0x78, 0x74, 0x0a, 0x55, 0x73, 0x61, 0x67, 0x65, 0x3a, 0x20,
  0x77, 0x72, 0x69, 0x74, 0x65, 0x20, 0x3c, 0x70, 0x61, 0x74, 0x68, 0x3e,
  0x20, 0x3c, 0x64, 0x61, 0x74, 0x61, 0x3e, 0x0a, 0x00, 0x72, 0x6d, 0x00,
  0x00, 0x00, 0x00, 0x00, 0x72, 0x6d, 0x20, 0x2d, 0x20, 0x72, 0x65, 0x6d,
  0x6f, 0x76, 0x65, 0x73, 0x20, 0x61, 0x20, 0x66, 0x69, 0x6c, 0x65, 0x20,
  0x66, 0x72, 0x6f, 0x6d, 0x20, 0x74, 0x68, 0x65, 0x20, 0x73, 0x79, 0x73,
  0x74, 0x65, 0x6d, 0x0a, 0x55, 0x73, 0x61, 0x67, 0x65, 0x3a, 0x20, 0x72,
  0x6d, 0x20, 0x3c, 0x70, 0x61, 0x74, 0x68, 0x3e, 0x0a, 0x00, 0x6d, 0x61,
  0x6e, 0x00, 0x00, 0x00, 0x00, 0x00, 0x00, 0x00, 0x6d, 0x61, 0x6e, 0x20,
  0x2d, 0x20, 0x64, 0x69, 0x73, 0x70, 0x6c, 0x61, 0x79, 0x73, 0x20, 0x6d,
  0x61, 0x6e, 0x75, 0x61, 0x6c, 0x20, 0x70, 0x61, 0x67, 0x65, 0x73, 0x20,
  0x66, 0x6f, 0x72, 0x20, 0x63, 0x6f, 0x6d, 0x6d, 0x61, 0x6e, 0x64, 0x73,
  0x0a, 0x55, 0x73, 0x61, 0x67, 0x65, 0x3a, 0x20, 0x6d, 0x61, 0x6e, 0x20,
  0x6f, 0x72, 0x20, 0x6d, 0x61, 0x6e, 0x20, 0x3c, 0x63, 0x6f, 0x6d, 0x6d,
  0x61, 0x6e, 0x64, 0x3e, 0x0a, 0x00, 0x66, 0x69, 0x6e, 0x64, 0x00, 0x00,
  0x00, 0x00, 0x00, 0x00, 0x66, 0x69, 0x6e, 0x64, 0x20, 0x2d, 0x20, 0x70,
  0x72, 0x69, 0x6e, 0x74, 0x73, 0x20, 0x61, 0x6c, 0x6c, 0x20, 0x6e, 0x65,
  0x73, 0x74, 0x65, 0x64, 0x20, 0x66, 0x69, 0x6c, 0x65, 0x73, 0x20, 0x61,
  0x6e, 0x64, 0x20, 0x66, 0x6f, 0x6c, 0x64, 0x65, 0x72, 0x73, 0x20, 0x69,
  0x6e, 0x20, 0x77, 0x6f, 0x72, 0x6b, 0x69, 0x6e, 0x67, 0x20, 0x64, 0x69,
  0x72, 0x0a, 0x55, 0x73, 0x61, 0x67, 0x65, 0x3a, 0x20, 0x66, 0x69, 0x6e,
  0x64, 0x20, 0x6f, 0x72, 0x20, 0x66, 0x69, 0x6e, 0x64, 0x20, 0x3c, 0x70,
  0x61, 0x74, 0x68, 0x3e, 0x0a, 0x00, 0x6d, 0x6b, 0x64, 0x69, 0x72, 0x00,
  0x00, 0x00, 0x00, 0x00, 0x6d, 0x6b, 0x64, 0x69, 0x72, 0x20, 0x2d, 0x20,
  0x63, 0x72, 0x65, 0x61, 0x74, 0x65, 0x73, 0x20, 0x61, 0x20, 0x6e, 0x65,
  0x77, 0x20, 0x64, 0x69, 0x72, 0x65, 0x63, 0x74, 0x6f, 0x72, 0x79, 0x0a,
  0x55, 0x73, 0x61, 0x67, 0x65, 0x3a, 0x20, 0x6d, 0x6b, 0x64, 0x69, 0x72,
  0x20, 0x3c, 0x70, 0x61, 0x74, 0x68, 0x3e, 0x0a, 0x00, 0x72, 0x6d, 0x64,
  0x69, 0x72, 0x00, 0x00, 0x00, 0x00, 0x00, 0x00, 0x72, 0x6d, 0x64, 0x69,
  0x72, 0x20, 0x2d, 0x20, 0x72, 0x65, 0x6d, 0x6f, 0x76, 0x65, 0x73, 0x20,
  0x61, 0x6e, 0x20, 0x65, 0x6d, 0x70, 0x74, 0x79, 0x20, 0x64, 0x69, 0x72,
  0x65, 0x63, 0x74, 0x6f, 0x72, 0x79, 0x0a, 0x55, 0x73, 0x61, 0x67, 0x65,
  0x3a, 0x20, 0x72, 0x6d, 0x64, 0x69, 0x72, 0x20, 0x3c, 0x70, 0x61, 0x74,
  0x68, 0x3e, 0x0a, 0x00, 0x6d, 0x76, 0x00, 0x00, 0x00, 0x00, 0x00, 0x00,
  0x6d, 0x76, 0x20, 0x2d, 0x20, 0x6d, 0x6f, 0x76, 0x65, 0x73, 0x20, 0x6f,
  0x72, 0x20, 0x72, 0x65, 0x6e, 0x61, 0x6d, 0x65, 0x73, 0x20, 0x61, 0x20,
  0x66, 0x69, 0x6c, 0x65, 0x0a, 0x55, 0x73, 0x61, 0x67, 0x65, 0x3a, 0x20,
  0x6d, 0x76, 0x20, 0x3c, 0x73, 0x72, 0x63, 0x3e, 0x20, 0x3c, 0x64, 0x73,
  0x74, 0x3e, 0x0a, 0x00, 0x73, 0x74, 0x61, 0x74, 0x00, 0x00, 0x00, 0x00,
  0x00, 0x00, 0x00, 0x00, 0x73, 0x74, 0x61, 0x74, 0x20, 0x2d, 0x20, 0x64,
  0x69, 0x73, 0x70, 0x6c, 0x61, 0x79, 0x73, 0x20, 0x6d, 0x65, 0x74, 0x61,
  0x64, 0x61, 0x74, 0x61, 0x20, 0x61, 0x62, 0x6f, 0x75, 0x74, 0x20, 0x61,
  0x20, 0x66, 0x69, 0x6c, 0x65, 0x0a, 0x55, 0x73, 0x61, 0x67, 0x65, 0x3a,
  0x20, 0x73, 0x74, 0x61, 0x74, 0x20, 0x3c, 0x70, 0x61, 0x74, 0x68, 0x3e,
  0x0a, 0x00, 0x00, 0x00, 0x00, 0x00, 0x00, 0x00, 0x45, 0x72, 0x72, 0x6f,
  0x72, 0x3a, 0x20, 0x43, 0x6f, 0x6d, 0x6d, 0x61, 0x6e, 0x64, 0x20, 0x6e,
  0x6f, 0x74, 0x20, 0x66, 0x6f, 0x75, 0x6e, 0x64, 0x20, 0x69, 0x6e, 0x20,
  0x6d, 0x61, 0x6e, 0x75, 0x61, 0x6c, 0x2e, 0x0a, 0x00, 0x20, 0x20, 0x20,
  0x00, 0x55, 0x73, 0x61, 0x67, 0x65, 0x3a, 0x20, 0x66, 0x69, 0x6e, 0x64,
  0x20, 0x6f, 0x72, 0x20, 0x66, 0x69, 0x6e, 0x64, 0x20, 0x3c, 0x70, 0x61,
  0x74, 0x68, 0x3e, 0x20, 0x0a, 0x00, 0x55, 0x73, 0x61, 0x67, 0x65, 0x3a,
  0x20, 0x6d, 0x6b, 0x64, 0x69, 0x72, 0x20, 0x3c, 0x70, 0x61, 0x74, 0x68,
  0x3e, 0x0a, 0x00, 0x43, 0x72, 0x65, 0x61, 0x74, 0x65, 0x20, 0x64, 0x69,
  0x72, 0x65, 0x63, 0x74, 0x6f, 0x72, 0x79, 0x3a, 0x20, 0x00, 0x00, 0x00,
  0x6d, 0x6b, 0x64, 0x69, 0x72, 0x3a, 0x20, 0x46, 0x61, 0x69, 0x6c, 0x65,
  0x64, 0x20, 0x74, 0x6f, 0x20, 0x63, 0x72, 0x65, 0x61, 0x74, 0x65, 0x20,
  0x64, 0x69, 0x72, 0x65, 0x63, 0x74, 0x6f, 0x72, 0x79, 0x0a, 0x00, 0x55,
  0x73, 0x61, 0x67, 0x65, 0x3a, 0x20, 0x72, 0x6d, 0x64, 0x69, 0x72, 0x20,
  0x3c, 0x70, 0x61, 0x74, 0x68, 0x3e, 0x0a, 0x00, 0x52, 0x65, 0x6d, 0x6f,
  0x76, 0x65, 0x64, 0x20, 0x64, 0x69, 0x72, 0x65, 0x63, 0x74, 0x6f, 0x72,
  0x79, 0x3a, 0x20, 0x00, 0x00, 0x00, 0x00, 0x00, 0x72, 0x6d, 0x64, 0x69,
  0x72, 0x3a, 0x20, 0x46, 0x61, 0x69, 0x6c, 0x65, 0x64, 0x20, 0x74, 0x6f,
  0x20, 0x72, 0x65, 0x6d, 0x6f, 0x76, 0x65, 0x20, 0x64, 0x69, 0x72, 0x65,
  0x63, 0x74, 0x6f, 0x72, 0x79, 0x0a, 0x00, 0x55, 0x73, 0x61, 0x67, 0x65,
  0x3a, 0x20, 0x6d, 0x76, 0x20, 0x3c, 0x73, 0x72, 0x63, 0x3e, 0x20, 0x3c,
  0x64, 0x73, 0x74, 0x3e, 0x0a, 0x00, 0x4d, 0x6f, 0x76, 0x65, 0x64, 0x20,
  0x66, 0x69, 0x6c, 0x65, 0x20, 0x66, 0x72, 0x6f, 0x6d, 0x3a, 0x20, 0x00,
  0x20, 0x74, 0x6f, 0x3a, 0x20, 0x00, 0x6d, 0x76, 0x3a, 0x20, 0x46, 0x61,
  0x69, 0x6c, 0x65, 0x64, 0x20, 0x74, 0x6f, 0x20, 0x6d, 0x6f, 0x76, 0x65,
  0x20, 0x66, 0x69, 0x6c, 0x65, 0x0a, 0x00, 0x55, 0x73, 0x61, 0x67, 0x65,
  0x3a, 0x20, 0x73, 0x74, 0x61, 0x74, 0x20, 0x3c, 0x70, 0x61, 0x74, 0x68,
  0x3e, 0x0a, 0x00, 0x00, 0x73, 0x74, 0x61, 0x74, 0x3a, 0x20, 0x4e, 0x6f,
  0x20, 0x73, 0x75, 0x63, 0x68, 0x20, 0x66, 0x69, 0x6c, 0x65, 0x20, 0x6f,
  0x72, 0x20, 0x64, 0x69, 0x72, 0x65, 0x63, 0x74, 0x6f, 0x72, 0x79, 0x0a,
  0x00, 0x20, 0x20, 0x46, 0x69, 0x6c, 0x65, 0x3a, 0x20, 0x00, 0x20, 0x20,
  0x53, 0x69, 0x7a, 0x65, 0x3a, 0x20, 0x00, 0x20, 0x62, 0x79, 0x74, 0x65,
  0x73, 0x0a, 0x00, 0x20, 0x20, 0x54, 0x79, 0x70, 0x65, 0x3a, 0x20, 0x00,
  0x64, 0x69, 0x72, 0x65, 0x63, 0x74, 0x6f, 0x72, 0x79, 0x0a, 0x00, 0x66,
  0x69, 0x6c, 0x65, 0x0a, 0x00, 0x45, 0x72, 0x72, 0x6f, 0x72, 0x3a, 0x20,
  0x43, 0x6f, 0x6d, 0x6d, 0x61, 0x6e, 0x64, 0x20, 0x6e, 0x6f, 0x74, 0x20,
  0x66, 0x6f, 0x75, 0x6e, 0x64, 0x0a, 0x00, 0x63, 0x6c, 0x65, 0x61, 0x72,
  0x00, 0x3e, 0x20, 0x00, 0x00, 0x00, 0x00, 0x00, 0x00, 0x00, 0x00, 0x80,
  0x00, 0x00, 0x00, 0x00, 0x00, 0x00, 0x00, 0x00, 0x00, 0x00, 0x00, 0x00,
  0x00, 0x00, 0xf0, 0x3f, 0x00, 0x00, 0x00, 0x00, 0x00, 0x00, 0xe0, 0x3f,
  0x00, 0x00, 0x00, 0x00, 0x00, 0x00, 0x24, 0x40, 0x14, 0x00, 0x00, 0x00,
  0x00, 0x00, 0x00, 0x00, 0x01, 0x7a, 0x52, 0x00, 0x01, 0x78, 0x10, 0x01,
  0x1b, 0x0c, 0x07, 0x08, 0x90, 0x01, 0x00, 0x00, 0x1c, 0x00, 0x00, 0x00,
  0x1c, 0x00, 0x00, 0x00, 0x58, 0xcf, 0xff, 0xff, 0x3c, 0x00, 0x00, 0x00,
  0x00, 0x45, 0x0e, 0x10, 0x86, 0x02, 0x43, 0x0d, 0x06, 0x41, 0x83, 0x03,
  0x72, 0x0c, 0x07, 0x08, 0x1c, 0x00, 0x00, 0x00, 0x3c, 0x00, 0x00, 0x00,
  0x74, 0xcf, 0xff, 0xff, 0x2e, 0x00, 0x00, 0x00, 0x00, 0x45, 0x0e, 0x10,
  0x86, 0x02, 0x43, 0x0d, 0x06, 0x65, 0x0c, 0x07, 0x08, 0x00, 0x00, 0x00,
  0x1c, 0x00, 0x00, 0x00, 0x5c, 0x00, 0x00, 0x00, 0x82, 0xcf, 0xff, 0xff,
  0x24, 0x00, 0x00, 0x00, 0x00, 0x45, 0x0e, 0x10, 0x86, 0x02, 0x43, 0x0d,
  0x06, 0x5b, 0x0c, 0x07, 0x08, 0x00, 0x00, 0x00, 0x1c, 0x00, 0x00, 0x00,
  0x7c, 0x00, 0x00, 0x00, 0x86, 0xcf, 0xff, 0xff, 0x30, 0x00, 0x00, 0x00,
  0x00, 0x45, 0x0e, 0x10, 0x86, 0x02, 0x43, 0x0d, 0x06, 0x67, 0x0c, 0x07,
  0x08, 0x00, 0x00, 0x00, 0x1c, 0x00, 0x00, 0x00, 0x9c, 0x00, 0x00, 0x00,
  0x96, 0xcf, 0xff, 0xff, 0x2e, 0x00, 0x00, 0x00, 0x00, 0x45, 0x0e, 0x10,
  0x86, 0x02, 0x43, 0x0d, 0x06, 0x65, 0x0c, 0x07, 0x08, 0x00, 0x00, 0x00,
  0x1c, 0x00, 0x00, 0x00, 0xbc, 0x00, 0x00, 0x00, 0xa4, 0xcf, 0xff, 0xff,
  0x24, 0x00, 0x00, 0x00, 0x00, 0x45, 0x0e, 0x10, 0x86, 0x02, 0x43, 0x0d,
  0x06, 0x5b, 0x0c, 0x07, 0x08, 0x00, 0x00, 0x00, 0x1c, 0x00, 0x00, 0x00,
  0xdc, 0x00, 0x00, 0x00, 0xa8, 0xcf, 0xff, 0xff, 0x30, 0x00, 0x00, 0x00,
  0x00, 0x45, 0x0e, 0x10, 0x86, 0x02, 0x43, 0x0d, 0x06, 0x67, 0x0c, 0x07,
  0x08, 0x00, 0x00, 0x00, 0x1c, 0x00, 0x00, 0x00, 0xfc, 0x00, 0x00, 0x00,
  0xb8, 0xcf, 0xff, 0xff, 0x2c, 0x00, 0x00, 0x00, 0x00, 0x45, 0x0e, 0x10,
  0x86, 0x02, 0x43, 0x0d, 0x06, 0x63, 0x0c, 0x07, 0x08, 0x00, 0x00, 0x00,
  0x1c, 0x00, 0x00, 0x00, 0x1c, 0x01, 0x00, 0x00, 0xc4, 0xcf, 0xff, 0xff,
  0x3e, 0x00, 0x00, 0x00, 0x00, 0x45, 0x0e, 0x10, 0x86, 0x02, 0x43, 0x0d,
  0x06, 0x75, 0x0c, 0x07, 0x08, 0x00, 0x00, 0x00, 0x1c, 0x00, 0x00, 0x00,
  0x3c, 0x01, 0x00, 0x00, 0xe2, 0xcf, 0xff, 0xff, 0x72, 0x00, 0x00, 0x00,
  0x00, 0x45, 0x0e, 0x10, 0x86, 0x02, 0x43, 0x0d, 0x06, 0x02, 0x69, 0x0c,
  0x07, 0x08, 0x00, 0x00, 0x1c, 0x00, 0x00, 0x00, 0x5c, 0x01, 0x00, 0x00,
  0x34, 0xd0, 0xff, 0xff, 0x30, 0x00, 0x00, 0x00, 0x00, 0x45, 0x0e, 0x10,
  0x86, 0x02, 0x43, 0x0d, 0x06, 0x67, 0x0c, 0x07, 0x08, 0x00, 0x00, 0x00,
  0x1c, 0x00, 0x00, 0x00, 0x7c, 0x01, 0x00, 0x00, 0x44, 0xd0, 0xff, 0xff,
  0x30, 0x00, 0x00, 0x00, 0x00, 0x45, 0x0e, 0x10, 0x86, 0x02, 0x43, 0x0d,
  0x06, 0x67, 0x0c, 0x07, 0x08, 0x00, 0x00, 0x00, 0x1c, 0x00, 0x00, 0x00,
  0x9c, 0x01, 0x00, 0x00, 0x54, 0xd0, 0xff, 0xff, 0x30, 0x00, 0x00, 0x00,
  0x00, 0x45, 0x0e, 0x10, 0x86, 0x02, 0x43, 0x0d, 0x06, 0x67, 0x0c, 0x07,
  0x08, 0x00, 0x00, 0x00, 0x1c, 0x00, 0x00, 0x00, 0xbc, 0x01, 0x00, 0x00,
  0x64, 0xd0, 0xff, 0xff, 0x33, 0x00, 0x00, 0x00, 0x00, 0x45, 0x0e, 0x10,
  0x86, 0x02, 0x43, 0x0d, 0x06, 0x6a, 0x0c, 0x07, 0x08, 0x00, 0x00, 0x00,
  0x1c, 0x00, 0x00, 0x00, 0xdc, 0x01, 0x00, 0x00, 0x77, 0xd0, 0xff, 0xff,
  0x2d, 0x00, 0x00, 0x00, 0x00, 0x45, 0x0e, 0x10, 0x86, 0x02, 0x43, 0x0d,
  0x06, 0x64, 0x0c, 0x07, 0x08, 0x00, 0x00, 0x00, 0x1c, 0x00, 0x00, 0x00,
  0xfc, 0x01, 0x00, 0x00, 0x84, 0xd0, 0xff, 0xff, 0x2d, 0x00, 0x00, 0x00,
  0x00, 0x45, 0x0e, 0x10, 0x86, 0x02, 0x43, 0x0d, 0x06, 0x64, 0x0c, 0x07,
  0x08, 0x00, 0x00, 0x00, 0x1c, 0x00, 0x00, 0x00, 0x1c, 0x02, 0x00, 0x00,
  0x91, 0xd0, 0xff, 0xff, 0x2d, 0x00, 0x00, 0x00, 0x00, 0x45, 0x0e, 0x10,
  0x86, 0x02, 0x43, 0x0d, 0x06, 0x64, 0x0c, 0x07, 0x08, 0x00, 0x00, 0x00,
  0x1c, 0x00, 0x00, 0x00, 0x3c, 0x02, 0x00, 0x00, 0x9e, 0xd0, 0xff, 0xff,
  0x30, 0x00, 0x00, 0x00, 0x00, 0x45, 0x0e, 0x10, 0x86, 0x02, 0x43, 0x0d,
  0x06, 0x67, 0x0c, 0x07, 0x08, 0x00, 0x00, 0x00, 0x1c, 0x00, 0x00, 0x00,
  0x5c, 0x02, 0x00, 0x00, 0xae, 0xd0, 0xff, 0xff, 0x33, 0x00, 0x00, 0x00,
  0x00, 0x45, 0x0e, 0x10, 0x86, 0x02, 0x43, 0x0d, 0x06, 0x6a, 0x0c, 0x07,
  0x08, 0x00, 0x00, 0x00, 0x1c, 0x00, 0x00, 0x00, 0x7c, 0x02, 0x00, 0x00,
  0xc1, 0xd0, 0xff, 0xff, 0x32, 0x00, 0x00, 0x00, 0x00, 0x45, 0x0e, 0x10,
  0x86, 0x02, 0x43, 0x0d, 0x06, 0x69, 0x0c, 0x07, 0x08, 0x00, 0x00, 0x00,
  0x1c, 0x00, 0x00, 0x00, 0x9c, 0x02, 0x00, 0x00, 0xd3, 0xd0, 0xff, 0xff,
  0x3d, 0x01, 0x00, 0x00, 0x00, 0x45, 0x0e, 0x10, 0x86, 0x02, 0x43, 0x0d,
  0x06, 0x03, 0x34, 0x01, 0x0c, 0x07, 0x08, 0x00, 0x1c, 0x00, 0x00, 0x00,
  0xbc, 0x02, 0x00, 0x00, 0xf0, 0xd1, 0xff, 0xff, 0x2c, 0x00, 0x00, 0x00,
  0x00, 0x45, 0x0e, 0x10, 0x86, 0x02, 0x43, 0x0d, 0x06, 0x63, 0x0c, 0x07,
  0x08, 0x00, 0x00, 0x00, 0x1c, 0x00, 0x00, 0x00, 0xdc, 0x02, 0x00, 0x00,
  0xfc, 0xd1, 0xff, 0xff, 0x2c, 0x00, 0x00, 0x00, 0x00, 0x45, 0x0e, 0x10,
  0x86, 0x02, 0x43, 0x0d, 0x06, 0x63, 0x0c, 0x07, 0x08, 0x00, 0x00, 0x00,
  0x1c, 0x00, 0x00, 0x00, 0xfc, 0x02, 0x00, 0x00, 0x08, 0xd2, 0xff, 0xff,
  0x44, 0x00, 0x00, 0x00, 0x00, 0x45, 0x0e, 0x10, 0x86, 0x02, 0x43, 0x0d,
  0x06, 0x7b, 0x0c, 0x07, 0x08, 0x00, 0x00, 0x00, 0x1c, 0x00, 0x00, 0x00,
  0x1c, 0x03, 0x00, 0x00, 0x2c, 0xd2, 0xff, 0xff, 0x7a, 0x00, 0x00, 0x00,
  0x00, 0x45, 0x0e, 0x10, 0x86, 0x02, 0x43, 0x0d, 0x06, 0x02, 0x71, 0x0c,
  0x07, 0x08, 0x00, 0x00, 0x1c, 0x00, 0x00, 0x00, 0x3c, 0x03, 0x00, 0x00,
  0x86, 0xd2, 0xff, 0xff, 0x67, 0x00, 0x00, 0x00, 0x00, 0x45, 0x0e, 0x10,
  0x86, 0x02, 0x43, 0x0d, 0x06, 0x02, 0x5e, 0x0c, 0x07, 0x08, 0x00, 0x00,
  0x1c, 0x00, 0x00, 0x00, 0x5c, 0x03, 0x00, 0x00, 0xcd, 0xd2, 0xff, 0xff,
  0x2a, 0x00, 0x00, 0x00, 0x00, 0x45, 0x0e, 0x10, 0x86, 0x02, 0x43, 0x0d,
  0x06, 0x61, 0x0c, 0x07, 0x08, 0x00, 0x00, 0x00, 0x1c, 0x00, 0x00, 0x00,
  0x7c, 0x03, 0x00, 0x00, 0xd7, 0xd2, 0xff, 0xff, 0x60, 0x00, 0x00, 0x00,
  0x00, 0x45, 0x0e, 0x10, 0x86, 0x02, 0x43, 0x0d, 0x06, 0x02, 0x57, 0x0c,
  0x07, 0x08, 0x00, 0x00, 0x1c, 0x00, 0x00, 0x00, 0x9c, 0x03, 0x00, 0x00,
  0x17, 0xd3, 0xff, 0xff, 0x68, 0x00, 0x00, 0x00, 0x00, 0x45, 0x0e, 0x10,
  0x86, 0x02, 0x43, 0x0d, 0x06, 0x02, 0x5f, 0x0c, 0x07, 0x08, 0x00, 0x00,
  0x1c, 0x00, 0x00, 0x00, 0xbc, 0x03, 0x00, 0x00, 0x5f, 0xd3, 0xff, 0xff,
  0x5e, 0x00, 0x00, 0x00, 0x00, 0x45, 0x0e, 0x10, 0x86, 0x02, 0x43, 0x0d,
  0x06, 0x02, 0x55, 0x0c, 0x07, 0x08, 0x00, 0x00, 0x1c, 0x00, 0x00, 0x00,
  0xdc, 0x03, 0x00, 0x00, 0x9d, 0xd3, 0xff, 0xff, 0x48, 0x00, 0x00, 0x00,
  0x00, 0x45, 0x0e, 0x10, 0x86, 0x02, 0x43, 0x0d, 0x06, 0x7f, 0x0c, 0x07,
  0x08, 0x00, 0x00, 0x00, 0x1c, 0x00, 0x00, 0x00, 0xfc, 0x03, 0x00, 0x00,
  0xc5, 0xd3, 0xff, 0xff, 0x42, 0x00, 0x00, 0x00, 0x00, 0x45, 0x0e, 0x10,
  0x86, 0x02, 0x43, 0x0d, 0x06, 0x79, 0x0c, 0x07, 0x08, 0x00, 0x00, 0x00,
  0x1c, 0x00, 0x00, 0x00, 0x1c, 0x04, 0x00, 0x00, 0xe7, 0xd3, 0xff, 0xff,
  0xa3, 0x02, 0x00, 0x00, 0x00, 0x45, 0x0e, 0x10, 0x86, 0x02, 0x43, 0x0d,
  0x06, 0x03, 0x9a, 0x02, 0x0c, 0x07, 0x08, 0x00, 0x1c, 0x00, 0x00, 0x00,
  0x3c, 0x04, 0x00, 0x00, 0x6a, 0xd6, 0xff, 0xff, 0xff, 0x00, 0x00, 0x00,
  0x00, 0x45, 0x0e, 0x10, 0x86, 0x02, 0x43, 0x0d, 0x06, 0x02, 0xf6, 0x0c,
  0x07, 0x08, 0x00, 0x00, 0x1c, 0x00, 0x00, 0x00, 0x5c, 0x04, 0x00, 0x00,
  0x49, 0xd7, 0xff, 0xff, 0xe4, 0x00, 0x00, 0x00, 0x00, 0x45, 0x0e, 0x10,
  0x86, 0x02, 0x43, 0x0d, 0x06, 0x02, 0xdb, 0x0c, 0x07, 0x08, 0x00, 0x00,
  0x1c, 0x00, 0x00, 0x00, 0x7c, 0x04, 0x00, 0x00, 0x0d, 0xd8, 0xff, 0xff,
  0x54, 0x00, 0x00, 0x00, 0x00, 0x45, 0x0e, 0x10, 0x86, 0x02, 0x43, 0x0d,
  0x06, 0x02, 0x4b, 0x0c, 0x07, 0x08, 0x00, 0x00, 0x1c, 0x00, 0x00, 0x00,
  0x9c, 0x04, 0x00, 0x00, 0x41, 0xd8, 0xff, 0xff, 0x7f, 0x00, 0x00, 0x00,
  0x00, 0x45, 0x0e, 0x10, 0x86, 0x02, 0x43, 0x0d, 0x06, 0x02, 0x76, 0x0c,
  0x07, 0x08, 0x00, 0x00, 0x1c, 0x00, 0x00, 0x00, 0xbc, 0x04, 0x00, 0x00,
  0xa0, 0xd8, 0xff, 0xff, 0x82, 0x00, 0x00, 0x00, 0x00, 0x45, 0x0e, 0x10,
  0x86, 0x02, 0x43, 0x0d, 0x06, 0x02, 0x79, 0x0c, 0x07, 0x08, 0x00, 0x00,
  0x1c, 0x00, 0x00, 0x00, 0xdc, 0x04, 0x00, 0x00, 0x02, 0xd9, 0xff, 0xff,
  0x57, 0x00, 0x00, 0x00, 0x00, 0x45, 0x0e, 0x10, 0x86, 0x02, 0x43, 0x0d,
  0x06, 0x02, 0x4e, 0x0c, 0x07, 0x08, 0x00, 0x00, 0x1c, 0x00, 0x00, 0x00,
  0xfc, 0x04, 0x00, 0x00, 0x39, 0xd9, 0xff, 0xff, 0x95, 0x00, 0x00, 0x00,
  0x00, 0x45, 0x0e, 0x10, 0x86, 0x02, 0x43, 0x0d, 0x06, 0x02, 0x8c, 0x0c,
  0x07, 0x08, 0x00, 0x00, 0x1c, 0x00, 0x00, 0x00, 0x1c, 0x05, 0x00, 0x00,
  0xae, 0xd9, 0xff, 0xff, 0x4c, 0x00, 0x00, 0x00, 0x00, 0x45, 0x0e, 0x10,
  0x86, 0x02, 0x43, 0x0d, 0x06, 0x02, 0x43, 0x0c, 0x07, 0x08, 0x00, 0x00,
  0x1c, 0x00, 0x00, 0x00, 0x3c, 0x05, 0x00, 0x00, 0xda, 0xd9, 0xff, 0xff,
  0x45, 0x00, 0x00, 0x00, 0x00, 0x45, 0x0e, 0x10, 0x86, 0x02, 0x43, 0x0d,
  0x06, 0x7c, 0x0c, 0x07, 0x08, 0x00, 0x00, 0x00, 0x20, 0x00, 0x00, 0x00,
  0x5c, 0x05, 0x00, 0x00, 0xff, 0xd9, 0xff, 0xff, 0x8f, 0x01, 0x00, 0x00,
  0x00, 0x45, 0x0e, 0x10, 0x86, 0x02, 0x43, 0x0d, 0x06, 0x45, 0x83, 0x03,
  0x03, 0x81, 0x01, 0x0c, 0x07, 0x08, 0x00, 0x00, 0x1c, 0x00, 0x00, 0x00,
  0x80, 0x05, 0x00, 0x00, 0x6a, 0xdb, 0xff, 0xff, 0x5a, 0x00, 0x00, 0x00,
  0x00, 0x45, 0x0e, 0x10, 0x86, 0x02, 0x43, 0x0d, 0x06, 0x02, 0x51, 0x0c,
  0x07, 0x08, 0x00, 0x00, 0x1c, 0x00, 0x00, 0x00, 0xa0, 0x05, 0x00, 0x00,
  0xa4, 0xdb, 0xff, 0xff, 0x91, 0x02, 0x00, 0x00, 0x00, 0x45, 0x0e, 0x10,
  0x86, 0x02, 0x43, 0x0d, 0x06, 0x03, 0x88, 0x02, 0x0c, 0x07, 0x08, 0x00,
  0x1c, 0x00, 0x00, 0x00, 0xc0, 0x05, 0x00, 0x00, 0x15, 0xde, 0xff, 0xff,
  0x1a, 0x01, 0x00, 0x00, 0x00, 0x45, 0x0e, 0x10, 0x86, 0x02, 0x43, 0x0d,
  0x06, 0x03, 0x11, 0x01, 0x0c, 0x07, 0x08, 0x00, 0x1c, 0x00, 0x00, 0x00,
  0xe0, 0x05, 0x00, 0x00, 0x0f, 0xdf, 0xff, 0xff, 0xa9, 0x00, 0x00, 0x00,
  0x00, 0x45, 0x0e, 0x10, 0x86, 0x02, 0x43, 0x0d, 0x06, 0x02, 0xa0, 0x0c,
  0x07, 0x08, 0x00, 0x00, 0x1c, 0x00, 0x00, 0x00, 0x00, 0x06, 0x00, 0x00,
  0x98, 0xdf, 0xff, 0xff, 0x36, 0x00, 0x00, 0x00, 0x00, 0x45, 0x0e, 0x10,
  0x86, 0x02, 0x43, 0x0d, 0x06, 0x6d, 0x0c, 0x07, 0x08, 0x00, 0x00, 0x00,
  0x1c, 0x00, 0x00, 0x00, 0x20, 0x06, 0x00, 0x00, 0xae, 0xdf, 0xff, 0xff,
  0x94, 0x00, 0x00, 0x00, 0x00, 0x45, 0x0e, 0x10, 0x86, 0x02, 0x43, 0x0d,
  0x06, 0x02, 0x8b, 0x0c, 0x07, 0x08, 0x00, 0x00, 0x1c, 0x00, 0x00, 0x00,
  0x40, 0x06, 0x00, 0x00, 0x22, 0xe0, 0xff, 0xff, 0x9c, 0x00, 0x00, 0x00,
  0x00, 0x45, 0x0e, 0x10, 0x86, 0x02, 0x43, 0x0d, 0x06, 0x02, 0x93, 0x0c,
  0x07, 0x08, 0x00, 0x00, 0x1c, 0x00, 0x00, 0x00, 0x60, 0x06, 0x00, 0x00,
  0x9e, 0xe0, 0xff, 0xff, 0xf9, 0x00, 0x00, 0x00, 0x00, 0x45, 0x0e, 0x10,
  0x86, 0x02, 0x43, 0x0d, 0x06, 0x02, 0xf0, 0x0c, 0x07, 0x08, 0x00, 0x00,
  0x1c, 0x00, 0x00, 0x00, 0x80, 0x06, 0x00, 0x00, 0x77, 0xe1, 0xff, 0xff,
  0xed, 0x00, 0x00, 0x00, 0x00, 0x45, 0x0e, 0x10, 0x86, 0x02, 0x43, 0x0d,
  0x06, 0x02, 0xe4, 0x0c, 0x07, 0x08, 0x00, 0x00, 0x1c, 0x00, 0x00, 0x00,
  0xa0, 0x06, 0x00, 0x00, 0x44, 0xe2, 0xff, 0xff, 0xa2, 0x00, 0x00, 0x00,
  0x00, 0x45, 0x0e, 0x10, 0x86, 0x02, 0x43, 0x0d, 0x06, 0x02, 0x99, 0x0c,
  0x07, 0x08, 0x00, 0x00, 0x1c, 0x00, 0x00, 0x00, 0xc0, 0x06, 0x00, 0x00,
  0xc6, 0xe2, 0xff, 0xff, 0xd2, 0x02, 0x00, 0x00, 0x00, 0x45, 0x0e, 0x10,
  0x86, 0x02, 0x43, 0x0d, 0x06, 0x03, 0xc9, 0x02, 0x0c, 0x07, 0x08, 0x00,
  0x1c, 0x00, 0x00, 0x00, 0xe0, 0x06, 0x00, 0x00, 0x78, 0xe5, 0xff, 0xff,
  0x66, 0x01, 0x00, 0x00, 0x00, 0x45, 0x0e, 0x10, 0x86, 0x02, 0x43, 0x0d,
  0x06, 0x03, 0x5d, 0x01, 0x0c, 0x07, 0x08, 0x00, 0x1c, 0x00, 0x00, 0x00,
  0x00, 0x07, 0x00, 0x00, 0xbe, 0xe6, 0xff, 0xff, 0x79, 0x00, 0x00, 0x00,
  0x00, 0x45, 0x0e, 0x10, 0x86, 0x02, 0x43, 0x0d, 0x06, 0x02, 0x70, 0x0c,
  0x07, 0x08, 0x00, 0x00, 0x1c, 0x00, 0x00, 0x00, 0x20, 0x07, 0x00, 0x00,
  0x17, 0xe7, 0xff, 0xff, 0xa2, 0x00, 0x00, 0x00, 0x00, 0x45, 0x0e, 0x10,
  0x86, 0x02, 0x43, 0x0d, 0x06, 0x02, 0x99, 0x0c, 0x07, 0x08, 0x00, 0x00,
  0x1c, 0x00, 0x00, 0x00, 0x40, 0x07, 0x00, 0x00, 0x99, 0xe7, 0xff, 0xff,
  0xa2, 0x00, 0x00, 0x00, 0x00, 0x45, 0x0e, 0x10, 0x86, 0x02, 0x43, 0x0d,
  0x06, 0x02, 0x99, 0x0c, 0x07, 0x08, 0x00, 0x00, 0x1c, 0x00, 0x00, 0x00,
  0x60, 0x07, 0x00, 0x00, 0x1b, 0xe8, 0xff, 0xff, 0xf6, 0x00, 0x00, 0x00,
  0x00, 0x45, 0x0e, 0x10, 0x86, 0x02, 0x43, 0x0d, 0x06, 0x02, 0xed, 0x0c,
  0x07, 0x08, 0x00, 0x00, 0x1c, 0x00, 0x00, 0x00, 0x80, 0x07, 0x00, 0x00,
  0xf1, 0xe8, 0xff, 0xff, 0x65, 0x01, 0x00, 0x00, 0x00, 0x45, 0x0e, 0x10,
  0x86, 0x02, 0x43, 0x0d, 0x06, 0x03, 0x5c, 0x01, 0x0c, 0x07, 0x08, 0x00,
  0x1c, 0x00, 0x00, 0x00, 0xa0, 0x07, 0x00, 0x00, 0x36, 0xea, 0xff, 0xff,
  0x73, 0x00, 0x00, 0x00, 0x00, 0x45, 0x0e, 0x10, 0x86, 0x02, 0x43, 0x0d,
  0x06, 0x02, 0x6a, 0x0c, 0x07, 0x08, 0x00, 0x00, 0x20, 0x00, 0x00, 0x00,
  0xc0, 0x07, 0x00, 0x00, 0x89, 0xea, 0xff, 0xff, 0x90, 0x04, 0x00, 0x00,
  0x00, 0x45, 0x0e, 0x10, 0x86, 0x02, 0x43, 0x0d, 0x06, 0x45, 0x83, 0x03,
  0x03, 0x82, 0x04, 0x0c, 0x07, 0x08, 0x00, 0x00, 0x1c, 0x00, 0x00, 0x00,
  0xe4, 0x07, 0x00, 0x00, 0xf5, 0xee, 0xff, 0xff, 0xfc, 0x00, 0x00, 0x00,
  0x00, 0x45, 0x0e, 0x10, 0x86, 0x02, 0x43, 0x0d, 0x06, 0x02, 0xf3, 0x0c,
  0x07, 0x08, 0x00, 0x00, 0x18, 0x00, 0x00, 0x00, 0x04, 0x08, 0x00, 0x00,
  0xd1, 0xef, 0xff, 0xff, 0xd2, 0x00, 0x00, 0x00, 0x00, 0x45, 0x0e, 0x10,
  0x86, 0x02, 0x43, 0x0d, 0x06, 0x00, 0x00, 0x00, 0x00, 0x00, 0x00, 0x00,
  0x00, 0x00, 0x00, 0x00, 0x00, 0x00, 0x00, 0x00, 0x00, 0x00, 0x00, 0x00,
  0x00, 0x00, 0x00, 0x00, 0x00, 0x00, 0x00, 0x00, 0x00, 0x00, 0x00, 0x00,
  0x00, 0x00, 0x00, 0x00, 0x00, 0x00, 0x00, 0x00, 0x00, 0x00, 0x00, 0x00,
  0x00, 0x00, 0x00, 0x00, 0x00, 0x00, 0x00, 0x00, 0x00, 0x00, 0x00, 0x00,
  0x00, 0x00, 0x00, 0x00, 0x00, 0x00, 0x00, 0x00, 0x00, 0x00, 0x00, 0x00,
  0x00, 0x00, 0x00, 0x00, 0x00, 0x00, 0x00, 0x00, 0x00, 0x00, 0x00, 0x00,
  0x00, 0x00, 0x00, 0x00, 0x00, 0x00, 0x00, 0x00, 0x00, 0x00, 0x00, 0x00,
  0x00, 0x00, 0x00, 0x00, 0x00, 0x00, 0x00, 0x00, 0x00, 0x00, 0x00, 0x00,
  0x00, 0x00, 0x00, 0x00, 0x00, 0x00, 0x00, 0x00, 0x00, 0x00, 0x00, 0x00,
  0x00, 0x00, 0x00, 0x00, 0x00, 0x00, 0x00, 0x00, 0x00, 0x00, 0x00, 0x00,
  0x00, 0x00, 0x00, 0x00, 0x00, 0x00, 0x00, 0x00, 0x00, 0x00, 0x00, 0x00,
  0x00, 0x00, 0x00, 0x00, 0x00, 0x00, 0x00, 0x00, 0x00, 0x00, 0x00, 0x00,
  0x00, 0x00, 0x00, 0x00, 0x00, 0x00, 0x00, 0x00, 0x00, 0x00, 0x00, 0x00,
  0x00, 0x00, 0x00, 0x00, 0x00, 0x00, 0x00, 0x00, 0x00, 0x00, 0x00, 0x00,
  0x00, 0x00, 0x00, 0x00, 0x00, 0x00, 0x00, 0x00, 0x00, 0x00, 0x00, 0x00,
  0x00, 0x00, 0x00, 0x00, 0x00, 0x00, 0x00, 0x00, 0x00, 0x00, 0x00, 0x00,
  0x00, 0x00, 0x00, 0x00, 0x00, 0x00, 0x00, 0x00, 0x00, 0x00, 0x00, 0x00,
  0x00, 0x00, 0x00, 0x00, 0x00, 0x00, 0x00, 0x00, 0x00, 0x00, 0x00, 0x00,
  0x00, 0x00, 0x00, 0x00, 0x00, 0x00, 0x00, 0x00, 0x00, 0x00, 0x00, 0x00,
  0x00, 0x00, 0x00, 0x00, 0x00, 0x00, 0x00, 0x00, 0x00, 0x00, 0x00, 0x00,
  0x00, 0x00, 0x00, 0x00, 0x00, 0x00, 0x00, 0x00, 0x00, 0x00, 0x00, 0x00,
  0x00, 0x00, 0x00, 0x00, 0x00, 0x00, 0x00, 0x00, 0x00, 0x00, 0x00, 0x00,
  0x00, 0x00, 0x00, 0x00, 0x00, 0x00, 0x00, 0x00, 0x00, 0x00, 0x00, 0x00,
  0x00, 0x00, 0x00, 0x00, 0x00, 0x00, 0x00, 0x00, 0x00, 0x00, 0x00, 0x00,
  0x00, 0x00, 0x00, 0x00, 0x00, 0x00, 0x00, 0x00, 0x00, 0x00, 0x00, 0x00,
  0x00, 0x00, 0x00, 0x00, 0x00, 0x00, 0x00, 0x00, 0x00, 0x00, 0x00, 0x00,
  0x00, 0x00, 0x00, 0x00, 0x00, 0x00, 0x00, 0x00, 0x00, 0x00, 0x00, 0x00,
  0x00, 0x00, 0x00, 0x00, 0x00, 0x00, 0x00, 0x00, 0x00, 0x00, 0x00, 0x00,
  0x00, 0x00, 0x00, 0x00, 0x00, 0x00, 0x00, 0x00, 0x00, 0x00, 0x00, 0x00,
  0x00, 0x00, 0x00, 0x00, 0x00, 0x00, 0x00, 0x00, 0x00, 0x00, 0x00, 0x00,
  0x00, 0x00, 0x00, 0x00, 0x00, 0x00, 0x00, 0x00, 0x00, 0x00, 0x00, 0x00,
  0x00, 0x00, 0x00, 0x00, 0x00, 0x00, 0x00, 0x00, 0x00, 0x00, 0x00, 0x00,
  0x00, 0x00, 0x00, 0x00, 0x00, 0x00, 0x00, 0x00, 0x00, 0x00, 0x00, 0x00,
  0x00, 0x00, 0x00, 0x00, 0x00, 0x00, 0x00, 0x00, 0x00, 0x00, 0x00, 0x00,
  0x00, 0x00, 0x00, 0x00, 0x00, 0x00, 0x00, 0x00, 0x00, 0x00, 0x00, 0x00,
  0x00, 0x00, 0x00, 0x00, 0x00, 0x00, 0x00, 0x00, 0x00, 0x00, 0x00, 0x00,
  0x00, 0x00, 0x00, 0x00, 0x00, 0x00, 0x00, 0x00, 0x00, 0x00, 0x00, 0x00,
  0x00, 0x00, 0x00, 0x00, 0x00, 0x00, 0x00, 0x00, 0x00, 0x00, 0x00, 0x00,
  0x00, 0x00, 0x00, 0x00, 0x00, 0x00, 0x00, 0x00, 0x00, 0x00, 0x00, 0x00,
  0x00, 0x00, 0x00, 0x00, 0x00, 0x00, 0x00, 0x00, 0x00, 0x00, 0x00, 0x00,
  0x00, 0x00, 0x00, 0x00, 0x00, 0x00, 0x00, 0x00, 0x00, 0x00, 0x00, 0x00,
  0x00, 0x00, 0x00, 0x00, 0x00, 0x00, 0x00, 0x00, 0x00, 0x00, 0x00, 0x00,
  0x00, 0x00, 0x00, 0x00, 0x00, 0x00, 0x00, 0x00, 0x00, 0x00, 0x00, 0x00,
  0x00, 0x00, 0x00, 0x00, 0x00, 0x00, 0x00, 0x00, 0x00, 0x00, 0x00, 0x00,
  0x00, 0x00, 0x00, 0x00, 0x00, 0x00, 0x00, 0x00, 0x00, 0x00, 0x00, 0x00,
  0x00, 0x00, 0x00, 0x00, 0x00, 0x00, 0x00, 0x00, 0x00, 0x00, 0x00, 0x00,
  0x00, 0x00, 0x00, 0x00, 0x00, 0x00, 0x00, 0x00, 0x00, 0x00, 0x00, 0x00,
  0x00, 0x00, 0x00, 0x00, 0x00, 0x00, 0x00, 0x00, 0x00, 0x00, 0x00, 0x00,
  0x00, 0x00, 0x00, 0x00, 0x00, 0x00, 0x00, 0x00, 0x00, 0x00, 0x00, 0x00,
  0x00, 0x00, 0x00, 0x00, 0x00, 0x00, 0x00, 0x00, 0x00, 0x00, 0x00, 0x00,
  0x00, 0x00, 0x00, 0x00, 0x00, 0x00, 0x00, 0x00, 0x00, 0x00, 0x00, 0x00,
  0x00, 0x00, 0x00, 0x00, 0x00, 0x00, 0x00, 0x00, 0x00, 0x00, 0x00, 0x00,
  0x00, 0x00, 0x00, 0x00, 0x00, 0x00, 0x00, 0x00, 0x00, 0x00, 0x00, 0x00,
  0x00, 0x00, 0x00, 0x00, 0x00, 0x00, 0x00, 0x00, 0x00, 0x00, 0x00, 0x00,
  0x00, 0x00, 0x00, 0x00, 0x00, 0x00, 0x00, 0x00, 0x00, 0x00, 0x00, 0x00,
  0x00, 0x00, 0x00, 0x00, 0x00, 0x00, 0x00, 0x00, 0x00, 0x00, 0x00, 0x00,
  0x00, 0x00, 0x00, 0x00, 0x00, 0x00, 0x00, 0x00, 0x00, 0x00, 0x00, 0x00,
  0x00, 0x00, 0x00, 0x00, 0x00, 0x00, 0x00, 0x00, 0x00, 0x00, 0x00, 0x00,
  0x00, 0x00, 0x00, 0x00, 0x00, 0x00, 0x00, 0x00, 0x00, 0x00, 0x00, 0x00,
  0x00, 0x00, 0x00, 0x00, 0x00, 0x00, 0x00, 0x00, 0x00, 0x00, 0x00, 0x00,
  0x00, 0x00, 0x00, 0x00, 0x00, 0x00, 0x00, 0x00, 0x00, 0x00, 0x00, 0x00,
  0x00, 0x00, 0x00, 0x00, 0x00, 0x00, 0x00, 0x00, 0x00, 0x00, 0x00, 0x00,
  0x00, 0x00, 0x00, 0x00, 0x00, 0x00, 0x00, 0x00, 0x00, 0x00, 0x00, 0x00,
  0x00, 0x00, 0x00, 0x00, 0x00, 0x00, 0x00, 0x00, 0x00, 0x00, 0x00, 0x00,
  0x00, 0x00, 0x00, 0x00, 0x00, 0x00, 0x00, 0x00, 0x00, 0x00, 0x00, 0x00,
  0x00, 0x00, 0x00, 0x00, 0x00, 0x00, 0x00, 0x00, 0x00, 0x00, 0x00, 0x00,
  0x00, 0x00, 0x00, 0x00, 0x00, 0x00, 0x00, 0x00, 0x00, 0x00, 0x00, 0x00,
  0x00, 0x00, 0x00, 0x00, 0x00, 0x00, 0x00, 0x00, 0x00, 0x00, 0x00, 0x00,
  0x00, 0x00, 0x00, 0x00, 0x00, 0x00, 0x00, 0x00, 0x00, 0x00, 0x00, 0x00,
  0x00, 0x00, 0x00, 0x00, 0x00, 0x00, 0x00, 0x00, 0x00, 0x00, 0x00, 0x00,
  0x00, 0x00, 0x00, 0x00, 0x00, 0x00, 0x00, 0x00, 0x00, 0x00, 0x00, 0x00,
  0x00, 0x00, 0x00, 0x00, 0x00, 0x00, 0x00, 0x00, 0x00, 0x00, 0x00, 0x00,
  0x00, 0x00, 0x00, 0x00, 0x00, 0x00, 0x00, 0x00, 0x00, 0x00, 0x00, 0x00,
  0x00, 0x00, 0x00, 0x00, 0x00, 0x00, 0x00, 0x00, 0x00, 0x00, 0x00, 0x00,
  0x00, 0x00, 0x00, 0x00, 0x00, 0x00, 0x00, 0x00, 0x00, 0x00, 0x00, 0x00,
  0x00, 0x00, 0x00, 0x00, 0x00, 0x00, 0x00, 0x00, 0x00, 0x00, 0x00, 0x00,
  0x00, 0x00, 0x00, 0x00, 0x00, 0x00, 0x00, 0x00, 0x00, 0x00, 0x00, 0x00,
  0x00, 0x00, 0x00, 0x00, 0x00, 0x00, 0x00, 0x00, 0x00, 0x00, 0x00, 0x00,
  0x00, 0x00, 0x00, 0x00, 0x00, 0x00, 0x00, 0x00, 0x00, 0x00, 0x00, 0x00,
  0x00, 0x00, 0x00, 0x00, 0x00, 0x00, 0x00, 0x00, 0x00, 0x00, 0x00, 0x00,
  0x00, 0x00, 0x00, 0x00, 0x00, 0x00, 0x00, 0x00, 0x00, 0x00, 0x00, 0x00,
  0x00, 0x00, 0x00, 0x00, 0x00, 0x00, 0x00, 0x00, 0x00, 0x00, 0x00, 0x00,
  0x00, 0x00, 0x00, 0x00, 0x00, 0x00, 0x00, 0x00, 0x00, 0x00, 0x00, 0x00,
  0x00, 0x00, 0x00, 0x00, 0x00, 0x00, 0x00, 0x00, 0x00, 0x00, 0x00, 0x00,
  0x00, 0x00, 0x00, 0x00, 0x00, 0x00, 0x00, 0x00, 0x00, 0x00, 0x00, 0x00,
  0x00, 0x00, 0x00, 0x00, 0x00, 0x00, 0x00, 0x00, 0x00, 0x00, 0x00, 0x00,
  0x00, 0x00, 0x00, 0x00, 0x00, 0x00, 0x00, 0x00, 0x00, 0x00, 0x00, 0x00,
  0x00, 0x00, 0x00, 0x00, 0x00, 0x00, 0x00, 0x00, 0x00, 0x00, 0x00, 0x00,
  0x00, 0x00, 0x00, 0x00, 0x00, 0x00, 0x00, 0x00, 0x00, 0x00, 0x00, 0x00,
  0x00, 0x00, 0x00, 0x00, 0x00, 0x00, 0x00, 0x00, 0x00, 0x00, 0x00, 0x00,
  0x00, 0x00, 0x00, 0x00, 0x00, 0x00, 0x00, 0x00, 0x00, 0x00, 0x00, 0x00,
  0x00, 0x00, 0x00, 0x00, 0x00, 0x00, 0x00, 0x00, 0x00, 0x00, 0x00, 0x00,
  0x00, 0x00, 0x00, 0x00, 0x00, 0x00, 0x00, 0x00, 0x00, 0x00, 0x00, 0x00,
  0x00, 0x00, 0x00, 0x00, 0x00, 0x00, 0x00, 0x00, 0x00, 0x00, 0x00, 0x00,
  0x00, 0x00, 0x00, 0x00, 0x00, 0x00, 0x00, 0x00, 0x00, 0x00, 0x00, 0x00,
  0x00, 0x00, 0x00, 0x00, 0x00, 0x00, 0x00, 0x00, 0x00, 0x00, 0x00, 0x00,
  0x00, 0x00, 0x00, 0x00, 0x00, 0x00, 0x00, 0x00, 0x00, 0x00, 0x00, 0x00,
  0x00, 0x00, 0x00, 0x00, 0x00, 0x00, 0x00, 0x00, 0x00, 0x00, 0x00, 0x00,
  0x00, 0x00, 0x00, 0x00, 0x00, 0x00, 0x00, 0x00, 0x00, 0x00, 0x00, 0x00,
  0x00, 0x00, 0x00, 0x00, 0x00, 0x00, 0x00, 0x00, 0x00, 0x00, 0x00, 0x00,
  0x00, 0x00, 0x00, 0x00, 0x00, 0x00, 0x00, 0x00, 0x00, 0x00, 0x00, 0x00,
  0x00, 0x00, 0x00, 0x00, 0x00, 0x00, 0x00, 0x00, 0x00, 0x00, 0x00, 0x00,
  0x00, 0x00, 0x00, 0x00, 0x00, 0x00, 0x00, 0x00, 0x00, 0x00, 0x00, 0x00,
  0x00, 0x00, 0x00, 0x00, 0x00, 0x00, 0x00, 0x00, 0x00, 0x00, 0x00, 0x00,
  0x00, 0x00, 0x00, 0x00, 0x00, 0x00, 0x00, 0x00, 0x00, 0x00, 0x00, 0x00,
  0x00, 0x00, 0x00, 0x00, 0x00, 0x00, 0x00, 0x00, 0x00, 0x00, 0x00, 0x00,
  0x00, 0x00, 0x00, 0x00, 0x00, 0x00, 0x00, 0x00, 0x00, 0x00, 0x00, 0x00,
  0x00, 0x00, 0x00, 0x00, 0x00, 0x00, 0x00, 0x00, 0x00, 0x00, 0x00, 0x00,
  0x00, 0x00, 0x00, 0x00, 0x00, 0x00, 0x00, 0x00, 0x00, 0x00, 0x00, 0x00,
  0x00, 0x00, 0x00, 0x00, 0x00, 0x00, 0x00, 0x00, 0x00, 0x00, 0x00, 0x00,
  0x00, 0x00, 0x00, 0x00, 0x00, 0x00, 0x00, 0x00, 0x00, 0x00, 0x00, 0x00,
  0x00, 0x00, 0x00, 0x00, 0x00, 0x00, 0x00, 0x00, 0x00, 0x00, 0x00, 0x00,
  0x00, 0x00, 0x00, 0x00, 0x00, 0x00, 0x00, 0x00, 0x00, 0x00, 0x00, 0x00,
  0x00, 0x00, 0x00, 0x00, 0x00, 0x00, 0x00, 0x00, 0x00, 0x00, 0x00, 0x00,
  0x00, 0x00, 0x00, 0x00, 0x00, 0x00, 0x00, 0x00, 0x00, 0x00, 0x00, 0x00,
  0x00, 0x00, 0x00, 0x00, 0x00, 0x00, 0x00, 0x00, 0x00, 0x00, 0x00, 0x00,
  0x00, 0x00, 0x00, 0x00, 0x00, 0x00, 0x00, 0x00, 0x00, 0x00, 0x00, 0x00,
  0x00, 0x00, 0x00, 0x00, 0x00, 0x00, 0x00, 0x00, 0x00, 0x00, 0x00, 0x00,
  0x00, 0x00, 0x00, 0x00, 0x00, 0x00, 0x00, 0x00, 0x00, 0x00, 0x00, 0x00,
  0x00, 0x00, 0x00, 0x00, 0x00, 0x00, 0x00, 0x00, 0x00, 0x00, 0x00, 0x00,
  0x00, 0x00, 0x00, 0x00, 0x00, 0x00, 0x00, 0x00, 0x00, 0x00, 0x00, 0x00,
  0x00, 0x00, 0x00, 0x00, 0x00, 0x00, 0x00, 0x00, 0x00, 0x00, 0x00, 0x00,
  0x00, 0x00, 0x00, 0x00, 0x00, 0x00, 0x00, 0x00, 0x00, 0x00, 0x00, 0x00,
  0x00, 0x00, 0x00, 0x00, 0x00, 0x00, 0x00, 0x00, 0x00, 0x00, 0x00, 0x00,
  0x00, 0x00, 0x00, 0x00, 0x00, 0x00, 0x00, 0x00, 0x00, 0x00, 0x00, 0x00,
  0x00, 0x00, 0x00, 0x00, 0x00, 0x00, 0x00, 0x00, 0x00, 0x00, 0x00, 0x00,
  0x00, 0x00, 0x00, 0x00, 0x00, 0x00, 0x00, 0x00, 0x00, 0x00, 0x00, 0x00,
  0x00, 0x00, 0x00, 0x00, 0x00, 0x00, 0x00, 0x00, 0x00, 0x00, 0x00, 0x00,
  0x00, 0x00, 0x00, 0x00, 0x00, 0x00, 0x00, 0x00, 0x00, 0x00, 0x00, 0x00,
  0x00, 0x00, 0x00, 0x00, 0x00, 0x00, 0x00, 0x00, 0x00, 0x00, 0x00, 0x00,
  0x00, 0x00, 0x00, 0x00, 0x00, 0x00, 0x00, 0x00, 0x00, 0x00, 0x00, 0x00,
  0x00, 0x00, 0x00, 0x00, 0x00, 0x00, 0x00, 0x00, 0x00, 0x00, 0x00, 0x00,
  0x00, 0x00, 0x00, 0x00, 0x00, 0x00, 0x00, 0x00, 0x00, 0x00, 0x00, 0x00,
  0x00, 0x00, 0x00, 0x00, 0x00, 0x00, 0x00, 0x00, 0x00, 0x00, 0x00, 0x00,
  0x00, 0x00, 0x00, 0x00, 0x00, 0x00, 0x00, 0x00, 0x00, 0x00, 0x00, 0x00,
  0x00, 0x00, 0x00, 0x00, 0x00, 0x00, 0x00, 0x00, 0x00, 0x00, 0x00, 0x00,
  0x00, 0x00, 0x00, 0x00, 0x00, 0x00, 0x00, 0x00, 0x00, 0x00, 0x00, 0x00,
  0x00, 0x00, 0x00, 0x00, 0x00, 0x00, 0x00, 0x00, 0x00, 0x00, 0x00, 0x00,
  0x00, 0x00, 0x00, 0x00, 0x00, 0x00, 0x00, 0x00, 0x00, 0x00, 0x00, 0x00,
  0x00, 0x00, 0x00, 0x00, 0x00, 0x00, 0x00, 0x00, 0x00, 0x00, 0x00, 0x00,
  0x00, 0x00, 0x00, 0x00, 0x00, 0x00, 0x00, 0x00, 0x00, 0x00, 0x00, 0x00,
  0x00, 0x00, 0x00, 0x00, 0x00, 0x00, 0x00, 0x00, 0x00, 0x00, 0x00, 0x00,
  0x00, 0x00, 0x00, 0x00, 0x00, 0x00, 0x00, 0x00, 0x00, 0x00, 0x00, 0x00,
  0x00, 0x00, 0x00, 0x00, 0x00, 0x00, 0x00, 0x00, 0x00, 0x00, 0x00, 0x00,
  0x00, 0x00, 0x00, 0x00, 0x00, 0x00, 0x00, 0x00, 0x00, 0x00, 0x00, 0x00,
  0x00, 0x00, 0x00, 0x00, 0x00, 0x00, 0x00, 0x00, 0x00, 0x00, 0x00, 0x00,
  0x00, 0x00, 0x00, 0x00, 0x00, 0x00, 0x00, 0x00, 0x00, 0x00, 0x00, 0x00,
  0x00, 0x00, 0x00, 0x00, 0x00, 0x00, 0x00, 0x00, 0x00, 0x00, 0x00, 0x00,
  0x00, 0x00, 0x00, 0x00, 0x00, 0x00, 0x00, 0x00, 0x00, 0x00, 0x00, 0x00,
  0x00, 0x00, 0x00, 0x00, 0x00, 0x00, 0x00, 0x00, 0x00, 0x00, 0x00, 0x00,
  0x00, 0x00, 0x00, 0x00, 0x00, 0x00, 0x00, 0x00, 0x00, 0x00, 0x00, 0x00,
  0x00, 0x00, 0x00, 0x00, 0x00, 0x00, 0x00, 0x00, 0x00, 0x00, 0x00, 0x00,
  0x00, 0x00, 0x00, 0x00, 0x00, 0x00, 0x00, 0x00, 0x00, 0x00, 0x00, 0x00,
  0x00, 0x00, 0x00, 0x00, 0x00, 0x00, 0x00, 0x00, 0x00, 0x00, 0x00, 0x00,
  0x00, 0x00, 0x00, 0x00, 0x00, 0x00, 0x00, 0x00, 0x00, 0x00, 0x00, 0x00,
  0x00, 0x00, 0x00, 0x00, 0x00, 0x00, 0x00, 0x00, 0x00, 0x00, 0x00, 0x00,
  0x00, 0x00, 0x00, 0x00, 0x00, 0x00, 0x00, 0x00, 0x00, 0x1b, 0x31, 0x32,
  0x33, 0x34, 0x35, 0x36, 0x37, 0x38, 0x39, 0x30, 0x2d, 0x3d, 0x08, 0x09,
  0x71, 0x77, 0x65, 0x72, 0x74, 0x79, 0x75, 0x69, 0x6f, 0x70, 0x5b, 0x5d,
  0x0a, 0x00, 0x61, 0x73, 0x64, 0x66, 0x67, 0x68, 0x6a, 0x6b, 0x6c, 0x3b,
  0x27, 0x60, 0x00, 0x5c, 0x7a, 0x78, 0x63, 0x76, 0x62, 0x6e, 0x6d, 0x2c,
  0x2e, 0x2f, 0x00, 0x2a, 0x00, 0x20, 0x30, 0x2e, 0x00, 0x00, 0x00, 0x00,
  0x00, 0x00, 0x00, 0x00, 0x00, 0x00, 0x00, 0x00, 0x00, 0x00, 0x00, 0x00,
  0x00, 0x00, 0x00, 0x00, 0x00, 0x00, 0x00, 0x00, 0x00, 0x00, 0x00, 0x00,
  0x00, 0x00, 0x00, 0x00, 0x00, 0x00, 0x00, 0x00, 0x00, 0x00, 0x00, 0x00,
  0x00, 0x00, 0x00, 0x00, 0x00, 0x00, 0x00, 0x00, 0x00, 0x00, 0x00, 0x00,
  0x00, 0x00, 0x00, 0x00, 0x00, 0x00, 0x00, 0x00, 0x00, 0x00, 0x00, 0x00,
  0x00, 0x00, 0x00, 0x00, 0xb7, 0x00, 0x00, 0x00, 0x00, 0x00, 0x00, 0x00,
  0x00, 0x00, 0x00, 0x00, 0x00, 0x00, 0x00, 0x00, 0x00, 0x00, 0x00, 0x00,
  0x00, 0x00, 0x00, 0x00, 0x00, 0x00, 0x00, 0x00, 0x00, 0x00, 0x00, 0x00,
  0x2f, 0x00, 0x00, 0x00, 0x00, 0x00, 0x00, 0x00, 0x00, 0x00, 0x00, 0x00,
  0x00, 0x00, 0x00, 0x00, 0x00, 0x00, 0x00, 0x00, 0x00, 0x00, 0x00, 0x00,
  0x00, 0x00, 0x00, 0x00, 0x00, 0x00, 0x00, 0x00, 0x00, 0x00, 0x00, 0x00,
  0x00, 0x00, 0x00, 0x00, 0x00, 0x00, 0x00, 0x00, 0x00, 0x00, 0x00, 0x00,
  0x00, 0x00, 0x00, 0x00, 0x00, 0x00, 0x00, 0x00, 0x00, 0x00, 0x00, 0x00,
  0x00, 0x00, 0x00, 0x00, 0x00, 0x00, 0x00, 0x00, 0x00, 0x00, 0x00, 0x00,
  0x00, 0x00, 0x00, 0x00, 0x00, 0x00, 0x00, 0x00, 0x00, 0x00, 0x00, 0x00,
  0x00, 0x00, 0x00, 0x00, 0x00, 0x00, 0x00, 0x00, 0x00, 0x00, 0x00, 0x00,
  0x00, 0x00, 0x00, 0x00, 0x00, 0x00, 0x00, 0x00, 0x00, 0x00, 0x00, 0x00,
  0x00, 0x00, 0x00, 0x00, 0x00, 0x00, 0x00, 0x00, 0x00, 0x00, 0x00, 0x00,
  0x00, 0x00, 0x00, 0x00, 0x00, 0x00, 0x00, 0x00, 0x01, 0x00, 0x00, 0x00,
  0x00, 0x00, 0x00, 0x00, 0x00, 0x00, 0x00, 0x00, 0x00, 0x00, 0x00, 0x00,
  0x00, 0x00, 0x00, 0x00, 0x00, 0x00, 0x00, 0x00, 0x00, 0x00, 0x00, 0x00,
  0x00, 0x00, 0x00, 0x00, 0x00, 0x00, 0x00, 0x00, 0x00, 0x00, 0x00, 0x00,
  0x61, 0x14, 0x10, 0x02, 0x00, 0x00, 0x00, 0x00, 0x7b, 0x15, 0x10, 0x02,
  0x00, 0x00, 0x00, 0x00, 0x24, 0x16, 0x10, 0x02, 0x00, 0x00, 0x00, 0x00,
  0x5a, 0x16, 0x10, 0x02, 0x00, 0x00, 0x00, 0x00, 0xee, 0x16, 0x10, 0x02,
  0x00, 0x00, 0x00, 0x00, 0x8a, 0x17, 0x10, 0x02, 0x00, 0x00, 0x00, 0x00,
  0x83, 0x18, 0x10, 0x02, 0x00, 0x00, 0x00, 0x00, 0x70, 0x19, 0x10, 0x02,
  0x00, 0x00, 0x00, 0x00, 0x12, 0x1a, 0x10, 0x02, 0x00, 0x00, 0x00, 0x00,
  0x4a, 0x1e, 0x10, 0x02, 0x00, 0x00, 0x00, 0x00, 0xc3, 0x1e, 0x10, 0x02,
  0x00, 0x00, 0x00, 0x00, 0x65, 0x1f, 0x10, 0x02, 0x00, 0x00, 0x00, 0x00,
  0x07, 0x20, 0x10, 0x02, 0x00, 0x00, 0x00, 0x00, 0xfd, 0x20, 0x10, 0x02,
  0x00, 0x00, 0x00, 0x00, 0x47, 0x43, 0x43, 0x3a, 0x20, 0x28, 0x55, 0x62,
  0x75, 0x6e, 0x74, 0x75, 0x20, 0x31, 0x33, 0x2e, 0x33, 0x2e, 0x30, 0x2d,
  0x36, 0x75, 0x62, 0x75, 0x6e, 0x74, 0x75, 0x32, 0x7e, 0x32, 0x34, 0x2e,
  0x30, 0x34, 0x2e, 0x31, 0x29, 0x20, 0x31, 0x33, 0x2e, 0x33, 0x2e, 0x30,
  0x00, 0x00, 0x00, 0x00, 0x00, 0x00, 0x00, 0x00, 0x00, 0x00, 0x00, 0x00,
  0x00, 0x00, 0x00, 0x00, 0x00, 0x00, 0x00, 0x00, 0x00, 0x00, 0x00, 0x00,
  0x00, 0x00, 0x00, 0x00, 0x01, 0x00, 0x00, 0x00, 0x04, 0x00, 0xf1, 0xff,
  0x00, 0x00, 0x00, 0x00, 0x00, 0x00, 0x00, 0x00, 0x00, 0x00, 0x00, 0x00,
  0x00, 0x00, 0x00, 0x00, 0x05, 0x00, 0x00, 0x00, 0x01, 0x00, 0x04, 0x00,
  0x80, 0x40, 0x10, 0x02, 0x00, 0x00, 0x00, 0x00, 0x04, 0x00, 0x00, 0x00,
  0x00, 0x00, 0x00, 0x00, 0x10, 0x00, 0x00, 0x00, 0x04, 0x00, 0xf1, 0xff,
  0x00, 0x00, 0x00, 0x00, 0x00, 0x00, 0x00, 0x00, 0x00, 0x00, 0x00, 0x00,
  0x00, 0x00, 0x00, 0x00, 0x20, 0x00, 0x00, 0x00, 0x12, 0x00, 0x01, 0x00,
  0x70, 0x19, 0x10, 0x02, 0x00, 0x00, 0x00, 0x00, 0xa2, 0x00, 0x00, 0x00,
  0x00, 0x00, 0x00, 0x00, 0x27, 0x00, 0x00, 0x00, 0x12, 0x00, 0x01, 0x00,
  0xc3, 0x1e, 0x10, 0x02, 0x00, 0x00, 0x00, 0x00, 0xa2, 0x00, 0x00, 0x00,
  0x00, 0x00, 0x00, 0x00, 0x31, 0x00, 0x00, 0x00, 0x12, 0x00, 0x01, 0x00,
  0x3c, 0x00, 0x10, 0x02, 0x00, 0x00, 0x00, 0x00, 0x2e, 0x00, 0x00, 0x00,
  0x00, 0x00, 0x00, 0x00, 0x37, 0x00, 0x00, 0x00, 0x12, 0x00, 0x01, 0x00,
  0x65, 0x27, 0x10, 0x02, 0x00, 0x00, 0x00, 0x00, 0xfc, 0x00, 0x00, 0x00,
  0x00, 0x00, 0x00, 0x00, 0x49, 0x00, 0x00, 0x00, 0x12, 0x00, 0x01, 0x00,
  0xdf, 0x06, 0x10, 0x02, 0x00, 0x00, 0x00, 0x00, 0x60, 0x00, 0x00, 0x00,
  0x00, 0x00, 0x00, 0x00, 0x4f, 0x00, 0x00, 0x00, 0x12, 0x00, 0x01, 0x00,
  0x00, 0x00, 0x10, 0x02, 0x00, 0x00, 0x00, 0x00, 0x3c, 0x00, 0x00, 0x00,
  0x00, 0x00, 0x00, 0x00, 0x57, 0x00, 0x00, 0x00, 0x11, 0x00, 0x04, 0x00,
  0x00, 0x40, 0x10, 0x02, 0x00, 0x00, 0x00, 0x00, 0x80, 0x00, 0x00, 0x00,
  0x00, 0x00, 0x00, 0x00, 0x69, 0x00, 0x00, 0x00, 0x12, 0x00, 0x01, 0x00,
  0x96, 0x03, 0x10, 0x02, 0x00, 0x00, 0x00, 0x00, 0x33, 0x00, 0x00, 0x00,
  0x00, 0x00, 0x00, 0x00, 0x72, 0x00, 0x00, 0x00, 0x12, 0x00, 0x01, 0x00,
  0x4e, 0x06, 0x10, 0x02, 0x00, 0x00, 0x00, 0x00, 0x67, 0x00, 0x00, 0x00,
  0x00, 0x00, 0x00, 0x00, 0x77, 0x00, 0x00, 0x00, 0x12, 0x00, 0x01, 0x00,
  0xd4, 0x05, 0x10, 0x02, 0x00, 0x00, 0x00, 0x00, 0x7a, 0x00, 0x00, 0x00,
  0x00, 0x00, 0x00, 0x00, 0x7d, 0x00, 0x00, 0x00, 0x12, 0x00, 0x01, 0x00,
  0x8a, 0x17, 0x10, 0x02, 0x00, 0x00, 0x00, 0x00, 0xf9, 0x00, 0x00, 0x00,
  0x00, 0x00, 0x00, 0x00, 0x85, 0x00, 0x00, 0x00, 0x12, 0x00, 0x01, 0x00,
  0x66, 0x03, 0x10, 0x02, 0x00, 0x00, 0x00, 0x00, 0x30, 0x00, 0x00, 0x00,
  0x00, 0x00, 0x00, 0x00, 0x8f, 0x00, 0x00, 0x00, 0x12, 0x00, 0x01, 0x00,
  0xa7, 0x07, 0x10, 0x02, 0x00, 0x00, 0x00, 0x00, 0x5e, 0x00, 0x00, 0x00,
  0x00, 0x00, 0x00, 0x00, 0x96, 0x00, 0x00, 0x00, 0x12, 0x00, 0x01, 0x00,
  0xe7, 0x0f, 0x10, 0x02, 0x00, 0x00, 0x00, 0x00, 0x8f, 0x01, 0x00, 0x00,
  0x00, 0x00, 0x00, 0x00, 0xa0, 0x00, 0x00, 0x00, 0x12, 0x00, 0x01, 0x00,
  0x40, 0x01, 0x10, 0x02, 0x00, 0x00, 0x00, 0x00, 0x2c, 0x00, 0x00, 0x00,
  0x00, 0x00, 0x00, 0x00, 0x4d, 0x01, 0x00, 0x00, 0x11, 0x00, 0x04, 0x00,
  0xa0, 0x40, 0x10, 0x02, 0x00, 0x00, 0x00, 0x00, 0x80, 0x00, 0x00, 0x00,
  0x00, 0x00, 0x00, 0x00, 0xad, 0x00, 0x00, 0x00, 0x11, 0x00, 0x04, 0x00,
  0x20, 0x41, 0x10, 0x02, 0x00, 0x00, 0x00, 0x00, 0x04, 0x00, 0x00, 0x00,
  0x00, 0x00, 0x00, 0x00, 0xa5, 0x01, 0x00, 0x00, 0x12, 0x00, 0x01, 0x00,
  0x8e, 0x00, 0x10, 0x02, 0x00, 0x00, 0x00, 0x00, 0x30, 0x00, 0x00, 0x00,
  0x00, 0x00, 0x00, 0x00, 0xbd, 0x00, 0x00, 0x00, 0x12, 0x00, 0x01, 0x00,
  0x69, 0x0d, 0x10, 0x02, 0x00, 0x00, 0x00, 0x00, 0x7f, 0x00, 0x00, 0x00,
  0x00, 0x00, 0x00, 0x00, 0xc9, 0x00, 0x00, 0x00, 0x12, 0x00, 0x01, 0x00,
  0x8f, 0x08, 0x10, 0x02, 0x00, 0x00, 0x00, 0x00, 0xa3, 0x02, 0x00, 0x00,
  0x00, 0x00, 0x00, 0x00, 0xd4, 0x00, 0x00, 0x00, 0x12, 0x00, 0x01, 0x00,
  0x12, 0x1a, 0x10, 0x02, 0x00, 0x00, 0x00, 0x00, 0xd2, 0x02, 0x00, 0x00,
  0x00, 0x00, 0x00, 0x00, 0xdc, 0x00, 0x00, 0x00, 0x12, 0x00, 0x01, 0x00,
  0xee, 0x16, 0x10, 0x02, 0x00, 0x00, 0x00, 0x00, 0x9c, 0x00, 0x00, 0x00,
  0x00, 0x00, 0x00, 0x00, 0xe6, 0x00, 0x00, 0x00, 0x12, 0x00, 0x01, 0x00,
  0xaa, 0x01, 0x10, 0x02, 0x00, 0x00, 0x00, 0x00, 0x72, 0x00, 0x00, 0x00,
  0x00, 0x00, 0x00, 0x00, 0xf3, 0x00, 0x00, 0x00, 0x12, 0x00, 0x01, 0x00,
  0x4a, 0x1e, 0x10, 0x02, 0x00, 0x00, 0x00, 0x00, 0x79, 0x00, 0x00, 0x00,
  0x00, 0x00, 0x00, 0x00, 0xfc, 0x00, 0x00, 0x00, 0x12, 0x00, 0x01, 0x00,
  0xa2, 0x0f, 0x10, 0x02, 0x00, 0x00, 0x00, 0x00, 0x45, 0x00, 0x00, 0x00,
  0x00, 0x00, 0x00, 0x00, 0x04, 0x01, 0x00, 0x00, 0x12, 0x00, 0x01, 0x00,
  0x0c, 0x03, 0x10, 0x02, 0x00, 0x00, 0x00, 0x00, 0x2d, 0x00, 0x00, 0x00,
  0x00, 0x00, 0x00, 0x00, 0x15, 0x01, 0x00, 0x00, 0x12, 0x00, 0x01, 0x00,
  0x24, 0x16, 0x10, 0x02, 0x00, 0x00, 0x00, 0x00, 0x36, 0x00, 0x00, 0x00,
  0x00, 0x00, 0x00, 0x00, 0x1f, 0x01, 0x00, 0x00, 0x10, 0x00, 0x01, 0x00,
  0x40, 0x29, 0x10, 0x02, 0x00, 0x00, 0x00, 0x00, 0x00, 0x00, 0x00, 0x00,
  0x00, 0x00, 0x00, 0x00, 0x26, 0x01, 0x00, 0x00, 0x12, 0x00, 0x01, 0x00,
  0x1c, 0x02, 0x10, 0x02, 0x00, 0x00, 0x00, 0x00, 0x30, 0x00, 0x00, 0x00,
  0x00, 0x00, 0x00, 0x00, 0x30, 0x01, 0x00, 0x00, 0x12, 0x00, 0x01, 0x00,
  0x3f, 0x07, 0x10, 0x02, 0x00, 0x00, 0x00, 0x00, 0x68, 0x00, 0x00, 0x00,
  0x00, 0x00, 0x00, 0x00, 0x35, 0x01, 0x00, 0x00, 0x12, 0x00, 0x01, 0x00,
  0x4c, 0x02, 0x10, 0x02, 0x00, 0x00, 0x00, 0x00, 0x30, 0x00, 0x00, 0x00,
  0x00, 0x00, 0x00, 0x00, 0x48, 0x01, 0x00, 0x00, 0x12, 0x00, 0x01, 0x00,
  0x76, 0x11, 0x10, 0x02, 0x00, 0x00, 0x00, 0x00, 0x5a, 0x00, 0x00, 0x00,
  0x00, 0x00, 0x00, 0x00, 0x59, 0x01, 0x00, 0x00, 0x12, 0x00, 0x01, 0x00,
  0x6a, 0x0e, 0x10, 0x02, 0x00, 0x00, 0x00, 0x00, 0x57, 0x00, 0x00, 0x00,
  0x00, 0x00, 0x00, 0x00, 0x61, 0x01, 0x00, 0x00, 0x12, 0x00, 0x01, 0x00,
  0x7c, 0x02, 0x10, 0x02, 0x00, 0x00, 0x00, 0x00, 0x30, 0x00, 0x00, 0x00,
  0x00, 0x00, 0x00, 0x00, 0x6d, 0x01, 0x00, 0x00, 0x12, 0x00, 0x01, 0x00,
  0xfb, 0x03, 0x10, 0x02, 0x00, 0x00, 0x00, 0x00, 0x3d, 0x01, 0x00, 0x00,
  0x00, 0x00, 0x00, 0x00, 0x71, 0x01, 0x00, 0x00, 0x12, 0x00, 0x01, 0x00,
  0xe4, 0x1c, 0x10, 0x02, 0x00, 0x00, 0x00, 0x00, 0x66, 0x01, 0x00, 0x00,
  0x00, 0x00, 0x00, 0x00, 0x80, 0x01, 0x00, 0x00, 0x12, 0x00, 0x01, 0x00,
  0x38, 0x05, 0x10, 0x02, 0x00, 0x00, 0x00, 0x00, 0x2c, 0x00, 0x00, 0x00,
  0x00, 0x00, 0x00, 0x00, 0x84, 0x01, 0x00, 0x00, 0x12, 0x00, 0x01, 0x00,
  0x15, 0x0d, 0x10, 0x02, 0x00, 0x00, 0x00, 0x00, 0x54, 0x00, 0x00, 0x00,
  0x00, 0x00, 0x00, 0x00, 0x8b, 0x01, 0x00, 0x00, 0x12, 0x00, 0x01, 0x00,
  0x05, 0x08, 0x10, 0x02, 0x00, 0x00, 0x00, 0x00, 0x48, 0x00, 0x00, 0x00,
  0x00, 0x00, 0x00, 0x00, 0x92, 0x01, 0x00, 0x00, 0x12, 0x00, 0x01, 0x00,
  0x61, 0x28, 0x10, 0x02, 0x00, 0x00, 0x00, 0x00, 0xd2, 0x00, 0x00, 0x00,
  0x00, 0x00, 0x00, 0x00, 0x97, 0x01, 0x00, 0x00, 0x12, 0x00, 0x01, 0x00,
  0x32, 0x0b, 0x10, 0x02, 0x00, 0x00, 0x00, 0x00, 0xff, 0x00, 0x00, 0x00,
  0x00, 0x00, 0x00, 0x00, 0xac, 0x01, 0x00, 0x00, 0x12, 0x00, 0x01, 0x00,
  0xfd, 0x20, 0x10, 0x02, 0x00, 0x00, 0x00, 0x00, 0x65, 0x01, 0x00, 0x00,
  0x00, 0x00, 0x00, 0x00, 0xb5, 0x01, 0x00, 0x00, 0x12, 0x00, 0x01, 0x00,
  0xb5, 0x06, 0x10, 0x02, 0x00, 0x00, 0x00, 0x00, 0x2a, 0x00, 0x00, 0x00,
  0x00, 0x00, 0x00, 0x00, 0xbe, 0x01, 0x00, 0x00, 0x12, 0x00, 0x01, 0x00,
  0xac, 0x02, 0x10, 0x02, 0x00, 0x00, 0x00, 0x00, 0x33, 0x00, 0x00, 0x00,
  0x00, 0x00, 0x00, 0x00, 0xc9, 0x01, 0x00, 0x00, 0x12, 0x00, 0x01, 0x00,
  0xe8, 0x0d, 0x10, 0x02, 0x00, 0x00, 0x00, 0x00, 0x82, 0x00, 0x00, 0x00,
  0x00, 0x00, 0x00, 0x00, 0xd0, 0x01, 0x00, 0x00, 0x12, 0x00, 0x01, 0x00,
  0x64, 0x05, 0x10, 0x02, 0x00, 0x00, 0x00, 0x00, 0x2c, 0x00, 0x00, 0x00,
  0x00, 0x00, 0x00, 0x00, 0xd4, 0x01, 0x00, 0x00, 0x12, 0x00, 0x01, 0x00,
  0x07, 0x20, 0x10, 0x02, 0x00, 0x00, 0x00, 0x00, 0xf6, 0x00, 0x00, 0x00,
  0x00, 0x00, 0x00, 0x00, 0xdb, 0x01, 0x00, 0x00, 0x12, 0x00, 0x01, 0x00,
  0xd5, 0x22, 0x10, 0x02, 0x00, 0x00, 0x00, 0x00, 0x90, 0x04, 0x00, 0x00,
  0x00, 0x00, 0x00, 0x00, 0xee, 0x01, 0x00, 0x00, 0x12, 0x00, 0x01, 0x00,
  0x6c, 0x01, 0x10, 0x02, 0x00, 0x00, 0x00, 0x00, 0x3e, 0x00, 0x00, 0x00,
  0x00, 0x00, 0x00, 0x00, 0xfc, 0x01, 0x00, 0x00, 0x12, 0x00, 0x01, 0x00,
  0xdf, 0x02, 0x10, 0x02, 0x00, 0x00, 0x00, 0x00, 0x2d, 0x00, 0x00, 0x00,
  0x00, 0x00, 0x00, 0x00, 0x08, 0x02, 0x00, 0x00, 0x12, 0x00, 0x01, 0x00,
  0x5a, 0x16, 0x10, 0x02, 0x00, 0x00, 0x00, 0x00, 0x94, 0x00, 0x00, 0x00,
  0x00, 0x00, 0x00, 0x00, 0x0f, 0x02, 0x00, 0x00, 0x12, 0x00, 0x01, 0x00,
  0x31, 0x0c, 0x10, 0x02, 0x00, 0x00, 0x00, 0x00, 0xe4, 0x00, 0x00, 0x00,
  0x00, 0x00, 0x00, 0x00, 0x1a, 0x02, 0x00, 0x00, 0x12, 0x00, 0x01, 0x00,
  0x61, 0x14, 0x10, 0x02, 0x00, 0x00, 0x00, 0x00, 0x1a, 0x01, 0x00, 0x00,
  0x00, 0x00, 0x00, 0x00, 0x21, 0x02, 0x00, 0x00, 0x12, 0x00, 0x01, 0x00,
  0x39, 0x03, 0x10, 0x02, 0x00, 0x00, 0x00, 0x00, 0x2d, 0x00, 0x00, 0x00,
  0x00, 0x00, 0x00, 0x00, 0x32, 0x02, 0x00, 0x00, 0x12, 0x00, 0x01, 0x00,
  0xd0, 0x11, 0x10, 0x02, 0x00, 0x00, 0x00, 0x00, 0x91, 0x02, 0x00, 0x00,
  0x00, 0x00, 0x00, 0x00, 0x3d, 0x02, 0x00, 0x00, 0x12, 0x00, 0x01, 0x00,
  0xec, 0x00, 0x10, 0x02, 0x00, 0x00, 0x00, 0x00, 0x24, 0x00, 0x00, 0x00,
  0x00, 0x00, 0x00, 0x00, 0x42, 0x02, 0x00, 0x00, 0x12, 0x00, 0x01, 0x00,
  0x7b, 0x15, 0x10, 0x02, 0x00, 0x00, 0x00, 0x00, 0xa9, 0x00, 0x00, 0x00,
  0x00, 0x00, 0x00, 0x00, 0x4b, 0x02, 0x00, 0x00, 0x11, 0x00, 0x05, 0x00,
  0x40, 0x41, 0x10, 0x02, 0x00, 0x00, 0x00, 0x00, 0x78, 0x00, 0x00, 0x00,
  0x00, 0x00, 0x00, 0x00, 0x54, 0x02, 0x00, 0x00, 0x12, 0x00, 0x01, 0x00,
  0x90, 0x05, 0x10, 0x02, 0x00, 0x00, 0x00, 0x00, 0x44, 0x00, 0x00, 0x00,
  0x00, 0x00, 0x00, 0x00, 0x5a, 0x02, 0x00, 0x00, 0x12, 0x00, 0x01, 0x00,
  0x62, 0x22, 0x10, 0x02, 0x00, 0x00, 0x00, 0x00, 0x73, 0x00, 0x00, 0x00,
  0x00, 0x00, 0x00, 0x00, 0x6f, 0x02, 0x00, 0x00, 0x12, 0x00, 0x01, 0x00,
  0x83, 0x18, 0x10, 0x02, 0x00, 0x00, 0x00, 0x00, 0xed, 0x00, 0x00, 0x00,
  0x00, 0x00, 0x00, 0x00, 0x79, 0x02, 0x00, 0x00, 0x12, 0x00, 0x01, 0x00,
  0x4d, 0x08, 0x10, 0x02, 0x00, 0x00, 0x00, 0x00, 0x42, 0x00, 0x00, 0x00,
  0x00, 0x00, 0x00, 0x00, 0x80, 0x02, 0x00, 0x00, 0x12, 0x00, 0x01, 0x00,
  0x10, 0x01, 0x10, 0x02, 0x00, 0x00, 0x00, 0x00, 0x30, 0x00, 0x00, 0x00,
  0x00, 0x00, 0x00, 0x00, 0x8c, 0x02, 0x00, 0x00, 0x12, 0x00, 0x01, 0x00,
  0xc9, 0x03, 0x10, 0x02, 0x00, 0x00, 0x00, 0x00, 0x32, 0x00, 0x00, 0x00,
  0x00, 0x00, 0x00, 0x00, 0x90, 0x02, 0x00, 0x00, 0x12, 0x00, 0x01, 0x00,
  0x56, 0x0f, 0x10, 0x02, 0x00, 0x00, 0x00, 0x00, 0x4c, 0x00, 0x00, 0x00,
  0x00, 0x00, 0x00, 0x00, 0x97, 0x02, 0x00, 0x00, 0x12, 0x00, 0x01, 0x00,
  0x6a, 0x00, 0x10, 0x02, 0x00, 0x00, 0x00, 0x00, 0x24, 0x00, 0x00, 0x00,
  0x00, 0x00, 0x00, 0x00, 0xa4, 0x02, 0x00, 0x00, 0x12, 0x00, 0x01, 0x00,
  0xc1, 0x0e, 0x10, 0x02, 0x00, 0x00, 0x00, 0x00, 0x95, 0x00, 0x00, 0x00,
  0x00, 0x00, 0x00, 0x00, 0xab, 0x02, 0x00, 0x00, 0x12, 0x00, 0x01, 0x00,
  0x65, 0x1f, 0x10, 0x02, 0x00, 0x00, 0x00, 0x00, 0xa2, 0x00, 0x00, 0x00,
  0x00, 0x00, 0x00, 0x00, 0xb5, 0x02, 0x00, 0x00, 0x12, 0x00, 0x01, 0x00,
  0xbe, 0x00, 0x10, 0x02, 0x00, 0x00, 0x00, 0x00, 0x2e, 0x00, 0x00, 0x00,
  0x00, 0x00, 0x00, 0x00, 0x00, 0x63, 0x2e, 0x63, 0x00, 0x72, 0x61, 0x6e,
  0x64, 0x5f, 0x73, 0x74, 0x61, 0x74, 0x65, 0x00, 0x70, 0x72, 0x6f, 0x67,
  0x72, 0x61, 0x6d, 0x73, 0x2f, 0x62, 0x6f, 0x6f, 0x74, 0x2e, 0x53, 0x00,
  0x63, 0x6d, 0x64, 0x5f, 0x72, 0x6d, 0x00, 0x63, 0x6d, 0x64, 0x5f, 0x6d,
  0x6b, 0x64, 0x69, 0x72, 0x00, 0x70, 0x72, 0x69, 0x6e, 0x74, 0x00, 0x72,
  0x65, 0x61, 0x64, 0x5f, 0x63, 0x6f, 0x6d, 0x6d, 0x61, 0x6e, 0x64, 0x5f,
  0x6c, 0x69, 0x6e, 0x65, 0x00, 0x72, 0x6f, 0x75, 0x6e, 0x64, 0x00, 0x73,
  0x79, 0x73, 0x63, 0x61, 0x6c, 0x6c, 0x00, 0x73, 0x63, 0x61, 0x6e, 0x63,
  0x6f, 0x64, 0x65, 0x5f, 0x74, 0x6f, 0x5f, 0x61, 0x73, 0x63, 0x69, 0x69,
  0x00, 0x6c, 0x69, 0x73, 0x74, 0x5f, 0x64, 0x69, 0x72, 0x00, 0x63, 0x65,
  0x69, 0x6c, 0x00, 0x66, 0x6c, 0x6f, 0x6f, 0x72, 0x00, 0x63, 0x6d, 0x64,
  0x5f, 0x63, 0x61, 0x74, 0x00, 0x6d, 0x6f, 0x76, 0x65, 0x5f, 0x66, 0x69,
  0x6c, 0x65, 0x00, 0x6d, 0x65, 0x6d, 0x63, 0x70, 0x79, 0x00, 0x73, 0x74,
  0x72, 0x5f, 0x73, 0x70, 0x6c, 0x69, 0x74, 0x00, 0x6b, 0x69, 0x6c, 0x6c,
  0x5f, 0x70, 0x72, 0x6f, 0x63, 0x65, 0x73, 0x73, 0x00, 0x77, 0x6f, 0x72,
  0x6b, 0x69, 0x6e, 0x67, 0x5f, 0x64, 0x69, 0x72, 0x5f, 0x6c, 0x65, 0x6e,
  0x00, 0x73, 0x74, 0x72, 0x5f, 0x63, 0x6f, 0x6e, 0x63, 0x61, 0x74, 0x73,
  0x00, 0x6e, 0x75, 0x6d, 0x5f, 0x74, 0x6f, 0x5f, 0x73, 0x74, 0x72, 0x00,
  0x63, 0x6d, 0x64, 0x5f, 0x6d, 0x61, 0x6e, 0x00, 0x63, 0x6d, 0x64, 0x5f,
  0x74, 0x6f, 0x75, 0x63, 0x68, 0x00, 0x69, 0x73, 0x5f, 0x63, 0x68, 0x61,
  0x72, 0x61, 0x63, 0x74, 0x65, 0x72, 0x00, 0x63, 0x6d, 0x64, 0x5f, 0x66,
  0x69, 0x6e, 0x64, 0x00, 0x73, 0x74, 0x72, 0x72, 0x63, 0x68, 0x72, 0x00,
  0x63, 0x72, 0x65, 0x61, 0x74, 0x65, 0x5f, 0x64, 0x69, 0x72, 0x65, 0x63,
  0x74, 0x6f, 0x72, 0x79, 0x00, 0x63, 0x6d, 0x64, 0x5f, 0x63, 0x6c, 0x65,
  0x61, 0x72, 0x00, 0x5f, 0x73, 0x74, 0x61, 0x72, 0x74, 0x00, 0x72, 0x65,
  0x61, 0x64, 0x5f, 0x66, 0x69, 0x6c, 0x65, 0x00, 0x72, 0x61, 0x6e, 0x64,
  0x00, 0x72, 0x65, 0x61, 0x64, 0x5f, 0x66, 0x69, 0x6c, 0x65, 0x5f, 0x6d,
  0x65, 0x74, 0x61, 0x64, 0x61, 0x74, 0x61, 0x00, 0x6a, 0x6f, 0x69, 0x6e,
  0x5f, 0x77, 0x6f, 0x72, 0x6b, 0x69, 0x6e, 0x67, 0x5f, 0x64, 0x69, 0x72,
  0x00, 0x73, 0x74, 0x72, 0x6e, 0x63, 0x6d, 0x70, 0x00, 0x66, 0x69, 0x6c,
  0x65, 0x5f, 0x65, 0x78, 0x69, 0x73, 0x74, 0x73, 0x00, 0x70, 0x6f, 0x77,
  0x00, 0x72, 0x65, 0x63, 0x75, 0x72, 0x73, 0x69, 0x76, 0x65, 0x5f, 0x66,
  0x69, 0x6e, 0x64, 0x00, 0x6d, 0x61, 0x78, 0x00, 0x73, 0x74, 0x72, 0x64,
  0x75, 0x70, 0x00, 0x6d, 0x65, 0x6d, 0x73, 0x65, 0x74, 0x00, 0x6d, 0x61,
  0x69, 0x6e, 0x00, 0x6e, 0x75, 0x6d, 0x5f, 0x74, 0x6f, 0x5f, 0x73, 0x74,
  0x72, 0x5f, 0x6e, 0x6f, 0x5f, 0x6d, 0x61, 0x6c, 0x6c, 0x6f, 0x63, 0x00,
  0x63, 0x6d, 0x64, 0x5f, 0x73, 0x74, 0x61, 0x74, 0x00, 0x63, 0x65, 0x69,
  0x6c, 0x5f, 0x64, 0x69, 0x76, 0x00, 0x77, 0x72, 0x69, 0x74, 0x65, 0x5f,
  0x66, 0x69, 0x6c, 0x65, 0x00, 0x73, 0x74, 0x72, 0x63, 0x6d, 0x70, 0x00,
  0x6d, 0x69, 0x6e, 0x00, 0x63, 0x6d, 0x64, 0x5f, 0x6d, 0x76, 0x00, 0x70,
  0x61, 0x72, 0x73, 0x65, 0x5f, 0x63, 0x6f, 0x6d, 0x6d, 0x61, 0x6e, 0x64,
  0x5f, 0x6c, 0x69, 0x6e, 0x65, 0x00, 0x72, 0x65, 0x61, 0x64, 0x5f, 0x6b,
  0x65, 0x79, 0x62, 0x6f, 0x61, 0x72, 0x64, 0x00, 0x64, 0x65, 0x6c, 0x65,
  0x74, 0x65, 0x5f, 0x66, 0x69, 0x6c, 0x65, 0x00, 0x63, 0x6d, 0x64, 0x5f,
  0x63, 0x64, 0x00, 0x73, 0x74, 0x72, 0x5f, 0x63, 0x6f, 0x6e, 0x63, 0x61,
  0x74, 0x00, 0x63, 0x6d, 0x64, 0x5f, 0x6c, 0x73, 0x00, 0x64, 0x65, 0x6c,
  0x65, 0x74, 0x65, 0x5f, 0x64, 0x69, 0x72, 0x65, 0x63, 0x74, 0x6f, 0x72,
  0x79, 0x00, 0x70, 0x61, 0x72, 0x73, 0x65, 0x5f, 0x70, 0x61, 0x74, 0x68,
  0x00, 0x65, 0x78, 0x69, 0x74, 0x00, 0x63, 0x6d, 0x64, 0x5f, 0x65, 0x63,
  0x68, 0x6f, 0x00, 0x63, 0x6f, 0x6d, 0x6d, 0x61, 0x6e, 0x64, 0x73, 0x00,
  0x63, 0x6c, 0x61, 0x6d, 0x70, 0x00, 0x65, 0x78, 0x65, 0x63, 0x75, 0x74,
  0x65, 0x5f, 0x63, 0x6f, 0x6d, 0x6d, 0x61, 0x6e, 0x64, 0x5f, 0x6c, 0x69,
  0x6e, 0x65, 0x00, 0x63, 0x6d, 0x64, 0x5f, 0x77, 0x72, 0x69, 0x74, 0x65,
  0x00, 0x73, 0x74, 0x72, 0x6c, 0x65, 0x6e, 0x00, 0x72, 0x75, 0x6e, 0x5f,
  0x70, 0x72, 0x6f, 0x67, 0x72, 0x61, 0x6d, 0x00, 0x61, 0x62, 0x73, 0x00,
  0x73, 0x74, 0x72, 0x63, 0x68, 0x72, 0x00, 0x63, 0x6c, 0x65, 0x61, 0x72,
  0x5f, 0x73, 0x63, 0x72, 0x65, 0x65, 0x6e, 0x00, 0x73, 0x75, 0x62, 0x73,
  0x74, 0x72, 0x00, 0x63, 0x6d, 0x64, 0x5f, 0x72, 0x6d, 0x64, 0x69, 0x72,
  0x00, 0x66, 0x72, 0x65, 0x65, 0x00, 0x00, 0x2e, 0x73, 0x79, 0x6d, 0x74,
  0x61, 0x62, 0x00, 0x2e, 0x73, 0x74, 0x72, 0x74, 0x61, 0x62, 0x00, 0x2e,
  0x73, 0x68, 0x73, 0x74, 0x72, 0x74, 0x61, 0x62, 0x00, 0x2e, 0x74, 0x65,
  0x78, 0x74, 0x00, 0x2e, 0x72, 0x6f, 0x64, 0x61, 0x74, 0x61, 0x00, 0x2e,
  0x65, 0x68, 0x5f, 0x66, 0x72, 0x61, 0x6d, 0x65, 0x00, 0x2e, 0x64, 0x61,
  0x74, 0x61, 0x00, 0x2e, 0x64, 0x61, 0x74, 0x61, 0x2e, 0x72, 0x65, 0x6c,
  0x2e, 0x6c, 0x6f, 0x63, 0x61, 0x6c, 0x00, 0x2e, 0x63, 0x6f, 0x6d, 0x6d,
  0x65, 0x6e, 0x74, 0x00, 0x00, 0x00, 0x00, 0x00, 0x00, 0x00, 0x00, 0x00,
  0x00, 0x00, 0x00, 0x00, 0x00, 0x00, 0x00, 0x00, 0x00, 0x00, 0x00, 0x00,
  0x00, 0x00, 0x00, 0x00, 0x00, 0x00, 0x00, 0x00, 0x00, 0x00, 0x00, 0x00,
  0x00, 0x00, 0x00, 0x00, 0x00, 0x00, 0x00, 0x00, 0x00, 0x00, 0x00, 0x00,
  0x00, 0x00, 0x00, 0x00, 0x00, 0x00, 0x00, 0x00, 0x00, 0x00, 0x00, 0x00,
  0x00, 0x00, 0x00, 0x00, 0x00, 0x00, 0x00, 0x00, 0x00, 0x00, 0x00, 0x00,
  0x1b, 0x00, 0x00, 0x00, 0x01, 0x00, 0x00, 0x00, 0x06, 0x00, 0x00, 0x00,
  0x00, 0x00, 0x00, 0x00, 0x00, 0x00, 0x10, 0x02, 0x00, 0x00, 0x00, 0x00,
  0x00, 0x10, 0x00, 0x00, 0x00, 0x00, 0x00, 0x00, 0x4c, 0x29, 0x00, 0x00,
  0x00, 0x00, 0x00, 0x00, 0x00, 0x00, 0x00, 0x00, 0x00, 0x00, 0x00, 0x00,
  0x10, 0x00, 0x00, 0x00, 0x00, 0x00, 0x00, 0x00, 0x00, 0x00, 0x00, 0x00,
  0x00, 0x00, 0x00, 0x00, 0x21, 0x00, 0x00, 0x00, 0x01, 0x00, 0x00, 0x00,
  0x02, 0x00, 0x00, 0x00, 0x00, 0x00, 0x00, 0x00, 0x50, 0x29, 0x10, 0x02,
  0x00, 0x00, 0x00, 0x00, 0x50, 0x39, 0x00, 0x00, 0x00, 0x00, 0x00, 0x00,
  0x38, 0x07, 0x00, 0x00, 0x00, 0x00, 0x00, 0x00, 0x00, 0x00, 0x00, 0x00,
  0x00, 0x00, 0x00, 0x00, 0x10, 0x00, 0x00, 0x00, 0x00, 0x00, 0x00, 0x00,
  0x00, 0x00, 0x00, 0x00, 0x00, 0x00, 0x00, 0x00, 0x29, 0x00, 0x00, 0x00,
  0x01, 0x00, 0x00, 0x00, 0x02, 0x00, 0x00, 0x00, 0x00, 0x00, 0x00, 0x00,
  0x88, 0x30, 0x10, 0x02, 0x00, 0x00, 0x00, 0x00, 0x88, 0x40, 0x00, 0x00,
  0x00, 0x00, 0x00, 0x00, 0x1c, 0x08, 0x00, 0x00, 0x00, 0x00, 0x00, 0x00,
  0x00, 0x00, 0x00, 0x00, 0x00, 0x00, 0x00, 0x00, 0x08, 0x00, 0x00, 0x00,
  0x00, 0x00, 0x00, 0x00, 0x00, 0x00, 0x00, 0x00, 0x00, 0x00, 0x00, 0x00,
  0x33, 0x00, 0x00, 0x00, 0x01, 0x00, 0x00, 0x00, 0x03, 0x00, 0x00, 0x00,
  0x00, 0x00, 0x00, 0x00, 0x00, 0x40, 0x10, 0x02, 0x00, 0x00, 0x00, 0x00,
  0x00, 0x50, 0x00, 0x00, 0x00, 0x00, 0x00, 0x00, 0x24, 0x01, 0x00, 0x00,
  0x00, 0x00, 0x00, 0x00, 0x00, 0x00, 0x00, 0x00, 0x00, 0x00, 0x00, 0x00,
  0x20, 0x00, 0x00, 0x00, 0x00, 0x00, 0x00, 0x00, 0x00, 0x00, 0x00, 0x00,
  0x00, 0x00, 0x00, 0x00, 0x39, 0x00, 0x00, 0x00, 0x01, 0x00, 0x00, 0x00,
  0x03, 0x00, 0x00, 0x00, 0x00, 0x00, 0x00, 0x00, 0x40, 0x41, 0x10, 0x02,
  0x00, 0x00, 0x00, 0x00, 0x40, 0x51, 0x00, 0x00, 0x00, 0x00, 0x00, 0x00,
  0x78, 0x00, 0x00, 0x00, 0x00, 0x00, 0x00, 0x00, 0x00, 0x00, 0x00, 0x00,
  0x00, 0x00, 0x00, 0x00, 0x20, 0x00, 0x00, 0x00, 0x00, 0x00, 0x00, 0x00,
  0x00, 0x00, 0x00, 0x00, 0x00, 0x00, 0x00, 0x00, 0x49, 0x00, 0x00, 0x00,
  0x01, 0x00, 0x00, 0x00, 0x30, 0x00, 0x00, 0x00, 0x00, 0x00, 0x00, 0x00,
  0x00, 0x00, 0x00, 0x00, 0x00, 0x00, 0x00, 0x00, 0xb8, 0x51, 0x00, 0x00,
  0x00, 0x00, 0x00, 0x00, 0x2d, 0x00, 0x00, 0x00, 0x00, 0x00, 0x00, 0x00,
  0x00, 0x00, 0x00, 0x00, 0x00, 0x00, 0x00, 0x00, 0x01, 0x00, 0x00, 0x00,
  0x00, 0x00, 0x00, 0x00, 0x01, 0x00, 0x00, 0x00, 0x00, 0x00, 0x00, 0x00,
  0x01, 0x00, 0x00, 0x00, 0x02, 0x00, 0x00, 0x00, 0x00, 0x00, 0x00, 0x00,
  0x00, 0x00, 0x00, 0x00, 0x00, 0x00, 0x00, 0x00, 0x00, 0x00, 0x00, 0x00,
  0xe8, 0x51, 0x00, 0x00, 0x00, 0x00, 0x00, 0x00, 0xd8, 0x06, 0x00, 0x00,
  0x00, 0x00, 0x00, 0x00, 0x08, 0x00, 0x00, 0x00, 0x04, 0x00, 0x00, 0x00,
  0x08, 0x00, 0x00, 0x00, 0x00, 0x00, 0x00, 0x00, 0x18, 0x00, 0x00, 0x00,
  0x00, 0x00, 0x00, 0x00, 0x09, 0x00, 0x00, 0x00, 0x03, 0x00, 0x00, 0x00,
  0x00, 0x00, 0x00, 0x00, 0x00, 0x00, 0x00, 0x00, 0x00, 0x00, 0x00, 0x00,
  0x00, 0x00, 0x00, 0x00, 0xc0, 0x58, 0x00, 0x00, 0x00, 0x00, 0x00, 0x00,
  0xba, 0x02, 0x00, 0x00, 0x00, 0x00, 0x00, 0x00, 0x00, 0x00, 0x00, 0x00,
  0x00, 0x00, 0x00, 0x00, 0x01, 0x00, 0x00, 0x00, 0x00, 0x00, 0x00, 0x00,
  0x00, 0x00, 0x00, 0x00, 0x00, 0x00, 0x00, 0x00, 0x11, 0x00, 0x00, 0x00,
  0x03, 0x00, 0x00, 0x00, 0x00, 0x00, 0x00, 0x00, 0x00, 0x00, 0x00, 0x00,
  0x00, 0x00, 0x00, 0x00, 0x00, 0x00, 0x00, 0x00, 0x7a, 0x5b, 0x00, 0x00,
  0x00, 0x00, 0x00, 0x00, 0x52, 0x00, 0x00, 0x00, 0x00, 0x00, 0x00, 0x00,
  0x00, 0x00, 0x00, 0x00, 0x00, 0x00, 0x00, 0x00, 0x01, 0x00, 0x00, 0x00,
  0x00, 0x00, 0x00, 0x00, 0x00, 0x00, 0x00, 0x00, 0x00, 0x00, 0x00, 0x00
};
unsigned int programs_build_shell_elf_elf_len = 24144;

unsigned char* shell_program_get() {
    return programs_build_shell_elf_elf;
}